No;Title_Sederhana;Tanggal_Post;tanggal_event;lokasi_event;Latitude;Longitude
1;‼️BIOSKOP TENGAH KOTA KEMBALI‼️;2025-12-03 21:17:13;Tidak Diketahui;Balai Dusun Sosokerep;-7.8867;110.4578
2;EXEFEST dengan bangga mengundang Anda, para pegiat;2025-12-07 18:50:18;Minggu, 21 Desember 2025;Lapangan Pemda Sleman;-7.7208;110.3582
3;🎨 ALL STAR CHALLENGE - Lomba Mewarnai Anak 👦👧;2025-12-07 18:45:31;27 Desember 2024;Lippo Plaza Jogja;-7.784055;110.3906457
4;Caption Festival Of Nggambleh 2025: Absolute Cinem;2025-12-06 23:13:49;️ Tanggal: Sabtu, 27 Desember 2025;Lokasi: Auditorium Universitas Sarjanawiyata Tamansiswa Yogyakarta;-7.8093;110.3837
5;Halo Wellness Seekers! 🌞✨ GOOD NEWS!! Cantavya uda;2025-12-06 21:53:49;Tidak Diketahui;Pengilon Café;-7.7347;110.3996
6;JOGJA, GILIRAN KAMU SEKARANG! 🎭🔥;2025-12-06 20:46:54;Tidak Diketahui;Tidak Diketahui;;
7;🔥 *CLASH OF DISCOURSECOM UNRIYO 2026 — ARE YOU REA;2025-12-06 16:09:08;*Pendaftaran: 19 November 2025 – 1 Januari 2026*;Lokasi Acara*;;
8;🚨;2025-12-06 13:41:18;Tidak Diketahui;Balai Utari Gedung Mandala Bakti Wanita Tama;-7.783611;110.393333
9;JOGJA, GILIRAN KAMU SEKARANG! 🎭🔥;2025-12-05 18:19:05;Tidak Diketahui;Tidak Diketahui;;
10;Let The Games Begin!;2025-12-05 17:26:09;Tidak Diketahui;Tidak Diketahui;;
11;Jogja siap sehat bareng?! 🔥;2025-12-05 15:44:51;7 Desember • ⏰ 07.00;Bigland Napolly Jogja;-7.8101;110.3957
12;Bazar buku Out of the Boox ada di Yogyakarta!;2025-12-05 15:07:45;Tidak Diketahui;Mizan Media Utama (Sleman;-7.7289;110.4042
13;✨ Drama Musikal Sound of Nusantara;2025-12-05 13:40:11;December 12th, 2025;Online;-7.8157412;110.351417
14;✨👛CRAFT YOUR OWN POUCH CHARM!👛✨;2025-12-05 11:30:59;Minggu, 14 Desesember 2025;Online;-7.8157412;110.351417
15;🎅✨ Get Ready to Go Santa Factory Parade! ✨🎅;2025-12-04 18:38:15;️20 & 21 Desember 2025!;Tidak Diketahui;;
16;✨*Kenapa Banyak Yang Menikah, Tapi Tak Banyak Bert;2025-12-04 18:17:19;️ Tanggal : Ahad, 7 Desember 2025;Zoom;;
17;🚨;2025-12-04 18:15:15;Tidak Diketahui;Balai Utari Gedung Mandala Bakti Wanita Tama;-7.783611;110.393333
18;SAATNYA VIDEOMU JADI JUARA!⁣;2025-12-04 18:14:22;Tidak Diketahui;Online;-7.8157412;110.351417
19;Caption Festival Of Nggambleh 2025: Absolute Cinem;2025-12-04 18:05:15;️ Tanggal: Sabtu, 27 Desember 2025;Lokasi: Auditorium Universitas Sarjanawiyata Tamansiswa Yogyakarta;-7.799732;110.370535
20;[REGISTRATION EXTENDED!!!];2025-12-04 17:37:48;Tidak Diketahui;Tidak Diketahui;;
21;🌏✨ INTERNATIONAL JOGJAKARFES 2025 ✨;2025-12-04 09:00:15;Friday, December 5th, 2025;Online;-7.8157412;110.351417
22;🎟️ OPEN REGISTRATION NORMAL PRICE & BUNDLING ASTA;2025-12-03 21:03:36;Tidak Diketahui;Tidak Diketahui;;
23;PENDAFTARAN DUTA BUDAYA DIY 2026 RESMI DIPERPANJAN;2025-12-03 20:58:16;Tidak Diketahui;Tidak Diketahui;;
24;✨*Kenapa Banyak Yang Menikah, Tapi Tak Banyak Bert;2025-12-03 19:28:21;️ Tanggal : Ahad, 7 Desember 2025;Zoom;;
25;*DESEMBER DELIGHT HOLIDAY*🎄🪄;2025-12-03 18:00:08;15-27 Desember 2025. Belajar fun, aktif, dan penuh kegiatan seru🎉;https://maps.app.goo.gl/soW2Je51XZgnqpZw7;;
26;✨INDEX 2025 HAS ARRIVED!✨;2025-12-03 13:09:23;Date: 05 December 2025;Venue: Engineering Research and Innovation Center (ERIC;-7.772591;110.376829
27;Pakar Jiwa merupakan wadah katarsis untuk membuka;2025-12-02 21:32:43;𝐓𝐚𝐧𝐠𝐠𝐚𝐥 : 6–7 Desember 2025.;𝐓𝐞𝐦𝐩𝐚𝐭 : Taman Budaya Embung Giwangan;-7.828882;110.384232
28;We’re back with perfume making workshop! Bayangin;2025-12-02 19:22:46;: Sabtu, 6 Desember 2025;Nest Coffe & Donut;-7.766304;110.375677
29;Caption Festival Of Nggambleh 2025: Absolute Cinem;2025-12-02 18:54:23;️ Tanggal: Sabtu, 27 Desember 2025;Lokasi: Auditorium Universitas Sarjanawiyata Tamansiswa Yogyakarta;-7.799732;110.370535
30;A greeting from @thechangcuters;2025-12-02 15:00:10;Tidak Diketahui;Tidak Diketahui;;
31;Cek jadwalnya biar gak ketinggalan race bulan ini.;2025-12-02 12:09:55;Tidak Diketahui;Tidak Diketahui;;
32;[REGISTRATION EXTENDED!!!];2025-12-01 19:29:59;Tidak Diketahui;Tidak Diketahui;;
33;✨PENTAS STUDI SAGA 2025✨;2025-12-01 17:34:03;Tanggal: Selasa, 2 Desember 2025;Tempat: Gelanggang ESKA UIN Sunan Kalijaga;-7.781898;110.395679
34;Holaaa✨;2025-12-01 17:28:12;️ Jumat, 06 Februari 2026;Militaire Societeit Taman Budaya Yogyakarta;-7.800063;110.364421
35;Pasarakyat 2025 sudah dibuka!;2025-12-01 12:40:53;3–4 Desember 2025;Selasar Auditorium UPNVY;-7.755498;110.407983
36;Hai Shiners!🌞;2025-12-01 17:28:12;️ Senin, 08 Desember 2025;Atrium Shinta;-7.7817561;110.4013092
37;SAATNYA VIDEOMU JADI JUARA!⁣;2025-11-30 15:55:26;Tidak Diketahui;Online;-7.8157412;110.351417
38;✨GROWPATH EXPO SEASON 3✨;2025-11-30 15:33:59;4–5 Desember 2025;Kampus 1 UTY;-7.749033;110.354174
39;🔥 AGROINDUSTRI CHAMPIONSHIP 2025!;2025-11-30 13:00:09;Tidak Diketahui;Sport Center UMBY Kampus 1;-7.854125;110.368383
40;『 𝐏𝐢𝐜𝐤 𝐘𝐨𝐮𝐫 𝐌𝐨𝐯𝐞, 𝐎𝐰𝐧 𝐭𝐡𝐞 𝐆𝐫𝐨𝐨𝐯𝐞! 』;2025-11-30 10:32:00;Tidak Diketahui;Tidak Diketahui;;
41;PENDAFTARAN DUTA BUDAYA DIY 2026 RESMI DIBUKA! 📢;2025-11-29 19:00:47;Tidak Diketahui;Tidak Diketahui;;
42;Warm greetings from @tiaraandini 🤩;2025-11-29 17:20:44;Tidak Diketahui;Tidak Diketahui;;
43;✨Assalamu'alaikum Warahmatullahi Wabarakatuh✨;2025-11-29 16:54:32;Tidak Diketahui;Politeknik YKPN Yogyakarta;-7.77881;110.387922
44;🎶 ANNUAL CONCERT - SYMPHONY OF SWARA WADHANA #10 🎶;2025-11-29 16:30:18;️ Jumat, 5 Desember 2025;Tidak Diketahui;;
45;Mau eksis di media sosial tapi tetap jadi diri sen;2025-11-29 08:30:50;Sabtu, 13 Desember 2025;Café Huis of Java;-7.753308;110.379204
46;🔔 LUSTRUM XII ADMINISTRASI PENDIDIKAN 🔔;2025-11-28 19:23:06;Tanggal: Sabtu, 6 Desember 2025;Tempat: Halaman Rektorat Universitas Negeri Yogyakarta;-7.771971;110.385750
47;✨ BARRE INTENSITY bersama Teacher Patris✨;2025-11-28 19:21:14;Minggu, 30 November 2025;Agung Room – Hyatt Regency;-7.747192;110.368940
48;[REGISTRATION EXTENDED!!!];2025-11-28 18:17:53;Tidak Diketahui;Tidak Diketahui;;
49;The sound of Nusantara drifts across the islands;2025-11-28 16:56:37;December 12th, 2025;Online;-7.8157412;110.351417
50;[GLF FEB UGM Proudly Present];2025-11-28 15:55:33;Sunday, 30 November 2025;Online;-7.8157412;110.351417
51;Penemuan terbaik investasi buat diri sendiri menje;2025-11-28 10:59:32;Tidak Diketahui;Tidak Diketahui;;
52;🔥 AGROINDUSTRI CHAMPIONSHIP 2025!;2025-11-28 10:15:55;Tidak Diketahui;Sport Center UMBY Kampus 1;-7.854125;110.368383
53;👻 *DRAMA MUSIKAL GELAR SASTRA 2025*👻;2025-11-27 18:00:30;6 Desember 2025;Auditorium Driyarkara;-7.776632;110.403425
54;💄✨ Wardah Beauty Class at Kangen Boutique Hotel! ✨;2025-11-27 15:16:17;13 December 2025;Kangen Boutique Hotel Yogyakarta;-7.79477;110.36382
55;Let your little ones unleash their creativity in o;2025-11-27 14:59:55;14 December 2025;Kangen Boutique Hotel Yogyakarta;-7.79477;110.36382
56;Wardah Skinverse Clinic Kembali hadir di Yogyakart;2025-11-27 14:38:15;28 November- 6 Desember 2025 😍;Tidak Diketahui;;
57;🌏✨ INTERNATIONAL JOGJAKARFES 2025 ✨;2025-11-27 14:13:55;Friday, December 5th, 2025;Online;-7.8157412;110.351417
58;⚜️ *RERINGGITAN*⚜️;2025-11-27 12:30:47;Tidak Diketahui;𝗠𝗶𝗻𝗶 𝗖𝗼𝗻𝗰𝗲𝗿𝘁 𝗛𝗮𝗹𝗹 𝗘𝘁𝗻𝗼𝗺𝘂𝘀𝗶𝗸𝗼𝗹𝗼𝗴𝗶;-7.9778384;110.3672257
59;Tickets Open, Liners! 🎀✨;2025-11-27 11:30:36;Tidak Diketahui;Tidak Diketahui;;
60;HEY CHANGEMAKERS! 🎤🌍;2025-11-27 10:40:42;Tidak Diketahui;Tidak Diketahui;;
61;Hi Sahabat @radian.yk , yang kepalanya penuh tapi;2025-11-27 09:03:28;Minggu, 30 November 2025;Ndalem Yudonegaran Yogyakarta;-7.807869;110.363155
62;🔥 AGROINDUSTRI CHAMPIONSHIP 2025!;2025-11-26 19:15:14;Tidak Diketahui;Sport Center UMBY Kampus 1;-7.854125;110.368383
63;*MASTERPIECE#8 IS COMING!*👀;2025-11-26 18:25:12;*Sabtu, 06 Desember 2025*;*Lab. Karawitan FBS UNY*;-7.771695;110.3905
64;🎄✨ NATAL MAHASISWA KRISTEN UGM 2025 IS COMING! ✨🎄;2025-11-26 18:20:38;Hari/Tanggal : Rabu, 03 Desember 2025;Tempat : Grha Sabha Pramana;-7.7700646;110.3779053
65;Hai Teman-teman,;2025-11-26 13:30:14;Minggu, 30 November 2025⁣;Grha Sabha Pramana;-7.7700646;110.3779053
66;⚜️ *RERINGGITAN*⚜️;2025-11-26 07:24:41;Tidak Diketahui;𝗠𝗶𝗻𝗶 𝗖𝗼𝗻𝗰𝗲𝗿𝘁 𝗛𝗮𝗹𝗹 𝗘𝘁𝗻𝗼𝗺𝘂𝘀𝗶𝗸𝗼𝗹𝗼𝗴𝗶;-7.9778384;110.3672257
67;[REGISTRATION EXTENDED!!!];2025-11-25 21:15:27;Tidak Diketahui;Tidak Diketahui;;
68;Baru mau mulai investasi tapi masih blank? 🤯;2025-11-25 19:25:35;Tidak Diketahui;Tidak Diketahui;;
69;🎉✨Pesta Oleh-Oleh Jelang Akhir Tahun 2025 ✨🎉;2025-11-25 19:25:10;️: 27–30 November 2025;Teras Malioboro;-7.798696;110.3643341
70;🎨 Si kecil lagi senang-senangnya gambar? Pas bange;2025-11-25 13:00:15;Tanggal: 14 Desember 2024;Tempat: Nara Kupu Jogja;-7.842861;110.457194
71;Kalau kepala udah penuh, hati sumpek, dan rutinita;2025-11-25 11:15:47;️ Minggu pagi, 13/12/25;Ethiopia Coffee & Space – Yogyakarta;-7.766113;110.373976
72;Get ready for an exclusive corporate visit experie;2025-11-24 15:02:48;28 November 2025;OJK Yogyakarta [ Jl. Jend. Sudirman No.22;-7.78442;110.368153
73;‼️ Custom Plakat dan Souvenir Termurah di Yogyakar;2025-11-24 14:34:24;Tidak Diketahui;Tidak Diketahui;;
74;Akhirnya yang sudah ditunggu-tunggu datang juga😮‍💨;2025-11-23 19:51:43;Tidak Diketahui;Balai Budaya Karangkitri;-7.801646;110.378954
75;✨ VibeTalk: Bercanda Tapi Serius Nih…✨;2025-11-23 19:49:17;13 Desember 2025;Top Malioboro Hotel;-7.7913667;110.3534617
76;✨️ERAFONE RUN 2025✨️;2025-11-23 14:53:33;Tidak Diketahui;Tidak Diketahui;;
77;The wait is over— registration Refactory Hackathon;2025-11-23 12:17:38;Date: December 6-7, 2025;Tidak Diketahui;;
78;[REGISTRATION EXTENDED!!!];2025-11-22 17:47:59;Tidak Diketahui;Tidak Diketahui;;
79;🦷✨ Bulan Kesehatan Gigi Nasional UMY 2025 ✨🦷;2025-11-22 15:04:08;Tidak Diketahui;bkgnumy.com atau scan kode QR yang tertera di poster BKGN;;
80;🪩 𝐄𝐍𝐆𝐍𝐈𝐓𝐄 𝟐𝟎𝟐𝟓 🪩;2025-11-22 13:43:54;Tidak Diketahui;Lab. Karawitan FBSB UNY;-7.771695;110.3905
81;🔥 *CLASH OF DISCOURSECOM UNRIYO 2025 — ARE YOU REA;2025-11-22 12:55:06;*Pendaftaran: 19 November 2025 – 1 Januari 2026*;Tidak Diketahui;;
82;More Than Just Pretty Nails 💅 ✨;2025-11-22 09:26:06;️13 Desember Pagi;Ethiopia Coffee and Space;-7.766113;110.373976
83;The sound of Nusantara drifts across the islands;2025-11-21 21:25:12;December 12th, 2025;Online;-7.8157412;110.351417
84;🎫SALE PENTAS AKHIR TAHUN 2025🎫;2025-11-21 21:23:01;️ Sabtu, 29 November 2025;WA: 081338284306 (Minte;;
85;☎️[MEIDEA 6]☎️;2025-11-21 19:35:24;️ : Sabtu, 22 November 2025;Online;-7.8157412;110.351417
86;[𝐉𝐀𝐃𝐈 𝐀𝐍𝐀𝐊 𝐅𝐈𝐒𝐈𝐏𝐎𝐋 𝐔𝐆𝐌 𝐒𝐄𝐇𝐀𝐑𝐈𝐀𝐍 👀⁉️];2025-11-21 19:00:41;Tidak Diketahui;Tidak Diketahui;;
87;𝐏𝐑𝐄-𝐒𝐀𝐋𝐄 𝟐 𝐊𝐄𝐌𝐁𝐀𝐋𝐈 ‼️;2025-11-21 18:19:12;Tanggal: Minggu, 23 November 2025;Lokasi: Taman Budaya Embung Giwangan;-7.828882;110.384232
88;🎉 Festival Fairytale 3.0 – Are You Ready?! 🎉;2025-11-21 18:00:34;22 November 2025;Tidak Diketahui;;
89;*Gelap apanya, terang begini!*;2025-11-21 17:29:18;️ : *2 Desember 2025*;*Societeit Militair;-7.800063;110.364421
90;݁ ˖🎡 ݁ ˖ 𝐏𝐄𝐍𝐀𝐌𝐏𝐈𝐋𝐀𝐍 𝐄𝐊𝐒𝐓𝐀𝐒𝐈 #𝟏𝟑 ݁ ˖🎡 ݁ ˖;2025-11-20 19:38:23;nya dan nantikan penampilan spesial yang akan memeriahkan EKSTASI #13 🎶✨;Tidak Diketahui;;
91;Every dream surely has a destination, and yours mi;2025-11-20 19:00:55;️ Sabtu, 22 November 2025;Online;-7.8157412;110.351417
92;👩🏻‍🍳*GET YOUR KIDS INVOLVED IN THE KITCHEN*🧑🏻‍🍳;2025-11-20 17:06:58;Minggu, 30 November 2025;Yucca Pool & Lounge ( Hotel Fortuna Grande Malioboro Yogyakarta;-7.795101;110.363941
93;Seharian sama @michelleziu & @humaira_jahra;2025-11-20 11:22:58;Tidak Diketahui;Tidak Diketahui;;
94;Get Ready to McCarty 2025! 🎶;2025-11-19 22:47:29;21 November nanti sudah ada rencana? Kalau belum, yuk merapat ke Communication Party;Wisma Bukit Barisan;-7.752317;110.407767
95;🎸PRIMEFEST VOL. 2 2025 PROUDLY PRESENT🎸;2025-11-19 22:45:19;Tidak Diketahui;Tidak Diketahui;;
96;We proudly present the full line up of RUN WITH KN;2025-11-19 22:41:03;14 Desember 2025;Silol Kopi & Eatery;-7.755088;110.388836
97;🏃𝐄𝐀𝐑𝐋𝐘 𝐁𝐈𝐑𝐃 𝐈𝐒 𝐎𝐅𝐅𝐈𝐂𝐈𝐀𝐋𝐋𝐘 𝐎𝐏𝐄𝐍🏃;2025-11-19 21:00:33;️ Minggu, 1 Februari 2026;Umbul Brondong;-7.744158;110.449755
98;☎️[MEIDEA 6]☎️;2025-11-19 20:00:08;️ : Sabtu, 22 November 2025;Online;-7.8157412;110.351417
99;Nikah dulu apa mapan dulu?;2025-11-19 19:00:10;Tidak Diketahui;Tidak Diketahui;;
100;hallo hallo, apakabarnya sahabat rumah kencana ?!;2025-11-19 17:57:08;Tidak Diketahui;Tidak Diketahui;;
101;Kelas Bercerita #2 Kembali Hadir! Ajak Anak Jadi P;2025-11-19 16:53:15;Waktu Pelaksanaan: Sabtu, 22 November 2025;Tidak Diketahui;;
102;📌 Mark Your Calendar!​;2025-11-19 13:44:25;26–27 November 2025​;Online;-7.8157412;110.351417
103;Pamer?!📸😎;2025-11-19 11:36:29;Tidak Diketahui;Koinonia UKDW;-7.786968;110.372559
104;✨ YOGYAKARTA, SIAP-SIAP!!! ✨;2025-11-19 11:01:35;20–23 November 2025;Gamestory Board & Café – Kalasan;-7.751144;110.461973
105;☎️[MEIDEA 6]☎️;2025-11-18 19:58:46;️ : Sabtu, 22 November 2025;Online;-7.8157412;110.351417
106;𝐅𝐞𝐬𝐭𝐢𝐯𝐚𝐥 𝐏𝐞𝐥𝐚𝐣𝐚𝐫 𝐃𝐈𝐘 kembali hadir dengan tema 𝐖𝐚;2025-11-18 19:44:08;Tidak Diketahui;Tidak Diketahui;;
107;Belum mulai, tapi vibes-nya udah kayak aroma kopi;2025-11-18 16:31:29;Minggu sore, 30 November 2025;Qohwah Coffee;-7.78521;110.370353
108;𝐀𝐛𝐮 𝐁𝐚𝐤𝐚𝐫 𝐑𝐞𝐯𝐨𝐥𝐮𝐭𝐢𝐨𝐧🏆;2025-11-18 15:30:07;: 23-25 Januari 2026;Online;-7.8157412;110.351417
109;Hai Sahabat @radian.yk !;2025-11-18 13:01:53;Minggu, 23 November 2025;Ndalem Yudonegaran Yogyakarta;-7.807869;110.363155
110;🌿 Sound Healing Class with Gamelan 🎶;2025-11-18 12:43:48;Sabtu, 22 November 2025;Ndalem Yudonegaran Yogyakarta;-7.807869;110.363155
111;🎟️ *OPEN TICKET PRESALE 2 — ENFORUN 2025* 🏃🏻;2025-11-17 20:47:34;Tidak Diketahui;Online;-7.8157412;110.351417
112;🏃𝐄𝐀𝐑𝐋𝐘 𝐁𝐈𝐑𝐃 𝐈𝐒 𝐎𝐅𝐅𝐈𝐂𝐈𝐀𝐋𝐋𝐘 𝐎𝐏𝐄𝐍🏃;2025-11-17 15:43:06;️ Minggu, 1 Februari 2026;Umbul Brondong;-7.744158;110.449755
113;Di tanganmu, kata bisa menjelma rumah.;2025-11-17 14:55:03;Deadline pendaftaran: 26 November 2025;Tidak Diketahui;;
114;SORALLY PADEL🎾💚;2025-11-17 14:02:05;Tidak Diketahui;Tidak Diketahui;;
115;💪🏻 HEBAT (Hidup Sehat Bersama PMAT) 💪🏻;2025-11-16 19:54:04;️ 5–20 November 2025;Tidak Diketahui;;
116;🎤𝐆𝐄𝐋𝐀𝐑 𝐊𝐀𝐑𝐘𝐀 𝐏𝐔𝐁𝐋𝐈𝐊 𝐑𝐄𝐋𝐀𝐓𝐈𝐎𝐍 𝟐𝟎𝟐𝟓🎤;2025-11-16 19:51:48;Tidak Diketahui;Tidak Diketahui;;
117;PENDAFTARAN DUTA BUDAYA DIY 2026 RESMI DIBUKA! 📢;2025-11-16 17:44:06;Tidak Diketahui;Tidak Diketahui;;
118;✨ 𝑯𝒊𝒎𝒂𝒔𝒊𝒌 𝑪𝒐𝒏𝒄𝒆𝒓𝒕 𝟮𝟬𝟮𝟱 ✨;2025-11-16 14:13:53;️ December 10th, 2025;Performance Hall FBSB UNY;-7.77134;110.3907
119;Warung makan baru di daerah kotabaru Mie kocok kak;2025-11-15 19:37:34;Tidak Diketahui;Tidak Diketahui;;
120;𝐑𝐮𝐧 𝐚𝐧𝐝 𝐑𝐨𝐥𝐥 𝐑𝐄𝐆𝐔𝐋𝐀𝐑 𝐑𝐞𝐠𝐢𝐬𝐭𝐫𝐚𝐭𝐢𝐨𝐧 𝐢𝐬 𝐎𝐟𝐟𝐢𝐜𝐢𝐚𝐥𝐥𝐲 𝐎𝐩;2025-11-15 17:51:09;Open Registration: 11 November 2025;Hub Collab;;
121;🌿Sustainability Outlook 4.0: OPEN FOR PUBLIC🌿;2025-11-15 16:30:43;Minggu, 16 November 2025;MM FEB UGM;-7.76867;110.37326
122;🦷✨ Bulan Kesehatan Gigi Nasional UMY 2025 ✨🦷;2025-11-15 15:42:29;Tidak Diketahui;bkgnumy.com atau scan kode QR yang tertera di poster BKGN;;
123;Festival serba Korea akan hadir di YOGYAKARTA!;2025-11-15 14:40:53;Tidak Diketahui;Tidak Diketahui;;
124;Festival serba Korea akan hadir di YOGYAKARTA!;2025-11-15 11:44:22;Tidak Diketahui;Tidak Diketahui;;
125;FINALLY! Touch in Tour with PT NCI — JOGJA Edition;2025-11-15 10:25:20;Tidak Diketahui;Tidak Diketahui;;
126;✨ WAJAH INDONESIA 2025 – “Laras-Liris Nusantara” ✨;2025-11-15 09:08:07;14–16 November 2025;Lantai 2;-7.8012646;110.3646857
127;Festival serba Korea akan hadir di YOGYAKARTA!;2025-11-15 07:14:05;Tidak Diketahui;Tidak Diketahui;;
128;Festival serba Korea akan hadir di YOGYAKARTA!;2025-11-14 22:10:55;Tidak Diketahui;Tidak Diketahui;;
129;🔥 Yogyakarta Youth Influencer Summit 2025!;2025-11-14 19:09:18;6 Desember 2025;Porta Hotel by Ambarukmo;-7.787752;110.407
130;Festival serba Korea akan hadir di YOGYAKARTA!;2025-11-14 18:39:24;Tidak Diketahui;Tidak Diketahui;;
131;Pamer?!📸😎;2025-11-14 16:49:54;Tidak Diketahui;Koinonia UKDW;-7.786968;110.372559
132;⚡WANNA SERVE YOUR FOOD & DRINKS TO HUNDREDS OF FOO;2025-11-14 15:21:00;Tidak Diketahui;Tidak Diketahui;;
133;🌸 Hai Bunda! Yuk manjakan diri dan si kecil di dal;2025-11-14 09:35:55;Sabtu, 15 November 2025;Klinik Utama Annisa (Jl. Kaliurang No.4 Blok A;;
134;Bonaventunes 3.0 is coming to bring you the ultima;2025-11-13 20:59:31;Tidak Diketahui;Tidak Diketahui;;
135;*MAD SINAMADAN*;2025-11-13 20:54:32;️ : 21 November 2025;Pendopo Kyai Panjang Mas Jurusan Karawitan & Pedalangan;-7.850402;110.37453
136;🚨 ADA YANG COMEBACK NIH DI UKDW! 😱;2025-11-13 16:30:15;️ 17–19 November;Koinonia UKDW;-7.786968;110.372559
137;🌸 Hai Bunda! Yuk manjakan diri dan si kecil di dal;2025-11-13 12:35:04;Sabtu, 15 November 2025;Klinik Utama Annisa (Jl. Kaliurang No.4 Blok A;;
138;[PROTOKOL FESTIVAL KPM X KEMAHASISWAAN UNISBA 2025;2025-11-12 20:26:24;Tidak Diketahui;Online;-7.8157412;110.351417
139;📣 CALLING ALL CREATIVE MINDS!;2025-11-12 20:20:05;19 Desember 2025;Gelanggang Inovasi & Kreativitas UGM (GIK;-7.7733154;110.3761744
140;🎭 [𝐏𝐎𝐓𝐏𝐎𝐔𝐑𝐑𝐈 𝐉𝐀𝐍𝐀𝐓𝐑𝐈 : 𝐀 𝐌𝐮𝐬𝐢𝐜𝐚𝐥 𝐎𝐩𝐞𝐫𝐞𝐭𝐭𝐚 𝐓𝐫𝐢𝐛𝐮𝐭𝐞;2025-11-12 20:16:22;Sabtu, 15 November 2025;Pendapa Widhi Widhana SMKI Yogyakarta;-7.784779;110.380481
141;FINALLY! Touch in Tour with PT NCI — JOGJA Edition;2025-11-12 19:43:40;Tidak Diketahui;Tidak Diketahui;;
142;🌸 Hai Bunda! Yuk manjakan diri dan si kecil di dal;2025-11-12 19:04:35;Sabtu, 15 November 2025;Klinik Utama Annisa (Jl. Kaliurang No.4 Blok A;;
143;[EVENT DISKUSI FREE SNACK, COFFEE & E-WALLET];2025-11-12 16:45:01;Kamis, 13 November 2025⏰ 10.00 – 12.00;Selasar Barat FISIPOL UGM;-7.771221;110.377063
144;✨ Glow up & adventure bareng Heavenly Blush! ✨;2025-11-12 16:38:58;️ Sabtu, 22 November 2025 — start 06.30 AM;Pondok Tingal Hotel Borobudur;-7.604646;110.217355
145;The Art of Slowing Down 🍀;2025-11-12 14:28:02;Tidak Diketahui;Tidak Diketahui;;
146;‼️ *EXTANDED +2 HARI* ‼️;2025-11-11 18:43:33;Sabtu, 15 November 2025;*Kuota terbatas hanya 300 peserta*;;
147;Hi, Career Seekers! 👋🏻;2025-11-10 20:05:04;November 14-15, 2025;Lt. 2 Grha Sabha Pramana;-7.7700646;110.3779053
148;🎉OPEN CHARITY: CREAQUALITY 2025🎉;2025-11-10 19:59:56;Charity open: 27 October – 10 November 2025;Tidak Diketahui;;
149;🎪🎶─── ⋆⋅☆⋅⋆──── ⋆⋅☆⋅⋆ ──┓;2025-11-10 19:54:32;️ Kamis, 13 November 2025;Auditorium Universitas Negeri Yogyakarta;-7.7771116;110.3882715
150;📅 Selasa, 11 November 2025;2025-11-10 19:46:59;Selasa, 11 November 2025;Student Center Gedung Inovasi dan Kreativitas (GIK;-7.7733154;110.3761744
151;🍕✨ Hi Parents!;2025-11-10 18:50:17;29–30 November 2025;Nanamia Pizzeria;-7.8180246;110.3624919
152;🚨GOOD NEWS🚨;2025-11-10 10:10:41;️ 10 November 2025;di GIK UGM Yogyakarta;-7.7733154;110.3761744
153;─𝗪𝗼𝗢𝗼𝗵𝗢𝗼𝗼 𝗪𝗵𝗮𝘁 𝘄𝗶𝗹𝗹 𝗰𝗼𝗺𝗲 𝗯𝗮𝗰𝗸!?👀🫵;2025-11-10 08:10:19;Tidak Diketahui;𝘚𝘔𝘈𝘕 1 𝘗𝘙𝘈𝘔𝘉𝘈𝘕𝘈𝘕 𝘚𝘓𝘌𝘔𝘈𝘕;-7.8012646;110.3646857
154;🔔 LUSTRUM XII ADMINISTRASI PENDIDIKAN 🔔;2025-11-09 22:52:33;Tanggal: Sabtu, 6 Desember 2025;Tempat: Halaman Rektorat Universitas Negeri Yogyakarta;-7.771971;110.385750
155;📢 ATTENTION, SENIMAN MURAL Se-DIY dan sekitarnya!📢;2025-11-09 20:55:51;Tidak Diketahui;Lokasi:;-7.7852529;110.3760799
156;📍 Ngopi sambil belajar bahasa asing? Bisa banget!;2025-11-09 20:30:37;Tidak Diketahui;Ngopi sambil belajar bahasa asing? Bisa banget!;;
157;🎬 OPEN CASTING IS ON;2025-11-09 20:24:39;Tidak Diketahui;Tidak Diketahui;;
158;🎏BUNKASAI 2025;2025-11-09 20:20:33;14–15 November 2025;FIB UGM;-7.771571;110.377724
159;[𝗧𝗘𝗞𝗡𝗜𝗞 𝗙𝗔𝗜𝗥 𝟮𝟬𝟮𝟱 : 𝗗𝗛𝗜𝗞𝗦𝗔𝗥𝗔];2025-11-09 20:14:51;Tidak Diketahui;Tidak Diketahui;;
160;[OPEN REGISTRATION – HEROES IN HARMONY 2025]🌟;2025-11-09 19:32:31;️ Minggu, 16 November 2025;Lantai 2 – Plaza Ambarrukmo;-7.7817561;110.4013092
161;Belum mulai, tapi antusiasmenya udah kayak aroma k;2025-11-09 18:01:07;Minggu sore, 30 Nov. 2025;Qohwah Coffee;-7.78521;110.370353
162;✨PROUDLY PRESENT✨;2025-11-09 11:20:33;Tidak Diketahui;Tidak Diketahui;;
163;Di antara ribuan batu nisan, satu jiwa masih menca;2025-11-09 10:15:00;️ 16 November 2025;Taman Budaya Yogyakarta Militaire Societeit;-7.800063;110.364421
164;[ *CREATIVE FRAME FESTIVAL – DISTILATION 2025* ]✨;2025-11-09 09:55:51;Tidak Diketahui;Tidak Diketahui;;
165;🧪 NATIONAL ESSAY CONTEST – DISTILATION 2025;2025-11-09 09:45:19;Tidak Diketahui;Tidak Diketahui;;
166;*🌟 ECONNOVATION FESTIVAL #8 🌟*;2025-11-09 09:11:19;Tidak Diketahui;Tempat: Halaman Parkir Stadion Gemilang (Stadion Amerta;;
167;FINALLY! Touch in Tour with PT NCI — JOGJA Edition;2025-11-08 20:26:07;Tidak Diketahui;Tidak Diketahui;;
168;🚀🚀SPD#15 KOSMIK BERISIKK🚀🚀;2025-11-08 20:08:19;Tidak Diketahui;KENES BAKPIA RESTO;-7.817109;110.374246
169;📢 ATTENTION, SENIMAN MURAL Se-DIY dan sekitarnya!📢;2025-11-08 20:05:51;Tidak Diketahui;Lokasi:;-7.7852529;110.3760799
170;🎉 OPEN REGISTRATION JELAJAH DIPONEGORO 2025! 🎉;2025-11-08 17:58:11;4 - 18 November 2025;Muladi Dome;-7.050607;110.450361
171;🚀EDUCAREER CONNECT 2025🌏;2025-11-08 15:48:55;Tidak Diketahui;ATRIUM AGAPE UKDW;-7.786968;110.372559
172;📍 Ngopi sambil belajar bahasa asing? Bisa banget!;2025-11-07 19:22:02;Tidak Diketahui;Ngopi sambil belajar bahasa asing? Bisa banget!;;
173;🎶✨ Siap-siap seru-seruan di Dental Project 2025 ba;2025-11-07 19:08:48;Tidak Diketahui;Tidak Diketahui;;
174;[GU MOTION - Our Rhythm, Our Power!];2025-11-07 18:03:50;️Saturday, 8 November 2025;Amphitheater Perpusat UGM;-7.77303;110.377508
175;The sound of Nusantara drifts across the islands A;2025-11-06 21:30:20;December 12th, 2025;Online;-7.8157412;110.351417
176;📍 Ngopi sambil belajar bahasa asing? Bisa banget!;2025-11-05 22:42:35;Tidak Diketahui;Ngopi sambil belajar bahasa asing? Bisa banget!;;
177;✨ SEMINAR KEWIRAUSAHAAN VOCENTIC 2025✨;2025-11-05 17:53:39;Hari/Tanggal: Minggu, 9 November 2025;Tempat: Ballroom TILC Universitas Gadjah Mada;-7.775317;110.377194
178;🦷✨ Bulan Kesehatan Gigi Nasional UMY 2025 ✨🦷;2025-11-05 12:00:06;Tidak Diketahui;bkgnumy.com atau scan kode QR yang tertera di poster BKGN;;
179;Get Ready for SCANDAY 2025: Public Discussion! 🎉;2025-11-05 09:00:42;Tidak Diketahui;Tidak Diketahui;;
180;🎓 CV, Portfolio, & Simulation Workshop;2025-11-04 20:26:29;Sabtu, 15 November 2025;On-site: Hotel Borobudur Mlati- Sleman Yogyakarta;-7.755866;110.347526
181;⚡ ELECTRICAL ENGINEERING EXPO 2025 ⚡;2025-11-04 20:22:49;Hari : Rabu–Kamis, 5–6 November 2025;Tempat : KPLT Teknik UNY;-7.774577;110.3905
182;‼️GRAND OPENING‼️;2025-11-04 17:48:24;8 November 2025 !;Lokasi : Djoglo Penang;-7.748641;110.372765
183;The biggest wedding expo is coming!;2025-11-04 15:10:37;7 - 9 November 2025;Atrium Rama & Shinta;-7.7817561;110.4013092
184;📣 THE 5TH PHARMACOPENA 2025 📣;2025-11-04 11:53:59;Pendaftaran: 15 Sept – 9 Nov 2025;Online;-7.8157412;110.351417
185;[OPEN REGISTRATION – HEROES IN HARMONY 2025]🌟;2025-11-03 20:04:27;️ Minggu, 16 November 2025;Lantai 2 – Plaza Ambarrukmo;-7.7817561;110.4013092
186;📢 ATTENTION, SENIMAN MURAL Se-DIY dan sekitarnya!📢;2025-11-03 19:05:42;Tidak Diketahui;Lokasi:;-7.7852529;110.3760799
187;Calling all Jogja runners out there!🏃‍♀;2025-11-03 19:03:43;Event Date: 16 November 2025;Location: MM FEB UGM Yogyakarta;-7.76867;110.37326
188;Pelaku Kreatif Jawa Timur Diajak Tampil di Panggun;2025-11-03 17:23:43;Tidak Diketahui;Tidak Diketahui;;
189;𝐇𝐚𝐥𝐨 𝐒𝐨𝐛𝐚𝐭 𝐀𝐬𝐚! 🌏✨;2025-11-02 19:23:24;Tidak Diketahui;𝗧𝗲𝗺𝗽𝗮𝘁: Griya Abhipraya;-7.76985;110.38072
190;📣 PAMERAN ARSIP KERTAS UGM 2025 📣;2025-11-02 18:58:13;️ 8–15 November 2025;Gedung Iso Reksohadiprojo;-7.770634;110.377983
191;📍 Ngopi sambil belajar bahasa asing? Bisa banget!;2025-11-02 18:04:52;Tidak Diketahui;Ngopi sambil belajar bahasa asing? Bisa banget!;;
192;💫 *PENDAFTARAN SEMINAR NASIONAL ADMINISTRASI PENDI;2025-11-02 17:53:27;: Kamis, 4 Desember 2025;Auditorium UNY;-7.7771116;110.3882715
193;🎟️ *BUNDLING ALERT!!*🎟️;2025-11-02 10:13:48;Tidak Diketahui;Tidak Diketahui;;
194;💻✨ UINIC 7.0 #2025: “Accelerating The Innovation f;2025-11-01 19:40:39;Tidak Diketahui;Tidak Diketahui;;
195;📍 Ngopi sambil belajar bahasa asing? Bisa banget!;2025-11-01 19:37:47;Tidak Diketahui;Ngopi sambil belajar bahasa asing? Bisa banget!;;
196;💻✨ UINIC 7.0 #2025: “Accelerating The Innovation f;2025-11-01 19:34:55;Tidak Diketahui;Tidak Diketahui;;
197;📢 ATTENTION, SENIMAN MURAL Se-DIY dan sekitarnya!📢;2025-11-01 19:09:29;Tidak Diketahui;Lokasi:;-7.7852529;110.3760799
198;🌱 POISE UGM 2025: Convention & Exhibition;2025-11-01 18:23:23;️ Date: Sunday, November 9th, 2025;Venue: Joglo Gelanggang Inovasi dan Kreativitas;-7.7733154;110.3761744
199;Cek jadwalnya biar gak ketinggalan race bulan ini.;2025-11-01 12:34:44;Tidak Diketahui;Tidak Diketahui;;
200;🎆 New Year’s Eve 2025 – Tropical Escape Party at K;2025-11-01 10:30:01;December 31, 2025;Kangen Boutique Hotel;-7.79477;110.36382
201;✨ Celebrate the magic of Christmas with a heartwar;2025-11-01 09:57:50;December 24–25, 2025;Kangen Boutique Hotel;-7.79477;110.36382
202;The biggest wedding expo is coming!;2025-10-31 20:56:21;7 - 9 November 2025;Atrium Rama & Shinta;-7.7817561;110.4013092
203;🔥 THE FULL LINEUP IS HERE! 🔥;2025-10-31 19:27:42;Tidak Diketahui;Maguwoharjo;-7.7810248;110.4320498
204;[MJ 2025: A Fest of Flavor, Food, and Fun 🎪🍜];2025-10-31 19:25:18;07 – 09 November 2025;Solo Paragon Mall;;
205;🎪✨ ECOFEST 2025 is coming to rock your night !✨🎪;2025-10-31 19:11:27;29 November 2025;Lapangan Realino;-7.777015;110.400262
206;[ART NIGHT: SYMPHONY OF COLORS🎭];2025-10-31 19:03:34;Jum’at, 21 November 2025;Magister Manajemen UGM;-7.76867;110.37326
207;🎨 PEKAN INSPIRASI KANVAS (PIK) 2025 🎨;2025-10-31 18:00:12;Sabtu, 29 November 2025;Ledhok Mas;-7.766112;110.378941
208;Merayakan ulang tahun begitu bermakna ke raminten;2025-10-31 17:16:34;Tidak Diketahui;Tidak Diketahui;;
209;CLOSING CEREMONY DOPAMINATION 2025;2025-10-31 16:15:23;Tidak Diketahui;JNM Bloc;-7.8000614;110.3532393
210;Daripada nyari kafein, mending isi ulang dengan ka;2025-10-31 13:13:54;Tidak Diketahui;Tidak Diketahui;;
211;*[OPEN DONATION LA CHARITÉ 2025]*;2025-10-30 20:25:01;Tanggal: Sabtu, 8 November 2025;Tempat: Panti Asuhan Bina Siwi (Bantul;-7.892053;110.347582
212;📢 ATTENTION, SENIMAN MURAL Se-DIY dan sekitarnya!📢;2025-10-30 17:09:18;Tidak Diketahui;Lokasi:;-7.7852529;110.3760799
213;CLOSING CEREMONY DOPAMINATION 2025;2025-10-29 20:54:12;Tidak Diketahui;JNM Bloc;-7.8000614;110.3532393
214;🚨ℍ𝕀𝕄𝔸𝕋𝕀𝕂𝔸 𝔽𝕄𝕀ℙ𝔸 𝕌ℕ𝕐 ℙℝ𝕆𝕌𝔻𝕃𝕐 ℙℝ𝔼𝕊𝔼ℕ𝕋🚨;2025-10-29 20:17:28;Tidak Diketahui;𝘈𝘶𝘥𝘪𝘵𝘰𝘳𝘪𝘶𝘮 𝘜𝘯𝘪𝘷𝘦𝘳𝘴𝘪𝘵𝘢𝘴 𝘕𝘦𝘨𝘦𝘳𝘪 𝘠𝘰𝘨𝘺𝘢𝘬𝘢𝘳𝘵𝘢;-7.9778384;110.3672257
215;🤎*CANTING CERIA MEMBATIK TAS*🤎;2025-10-29 20:13:50;Minggu, 09 November 2025;Hotel Fortuna Grande Malioboro Yogyakarta;-7.795101;110.363941
216;Kamu tinggal di Yogyakarta atau sekitarnya? Penasa;2025-10-29 19:59:31;Tidak Diketahui;Cakap Innovation Hub;-7.771746;110.373401
217;CLOSING CEREMONY DOPAMINATION 2025;2025-10-29 16:00:50;Tidak Diketahui;JNM Bloc;-7.8000614;110.3532393
218;✨*The Essence of Elegance: LYRAVENIA Fashion Show;2025-10-29 08:39:08;️: Minggu, 9 November 2025;Balai Shinta;-7.7817561;110.4013092
219;🔥 NEW GUEST STAR UNLOCKED! 🔥;2025-10-28 20:30:59;Tidak Diketahui;Tidak Diketahui;;
220;📢 Open Registration Alert!;2025-10-28 18:43:29;Tidak Diketahui;Subtema:;;
221;[OPEN REGISTRATION COMPETITION WAJAH INDONESIA 202;2025-10-28 18:33:43;Tidak Diketahui;tautan di bawah ini:;;
222;📝Pengen mulai belajar IELTS tapi masih bingung har;2025-10-28 17:00:06;Sabtu, 1 November 2025;Interest Education Yogyakarta;-7.755498;110.407983
223;🎨Fun Art Session:  Beri Jeda untuk Dirimu, Kelola;2025-10-28 09:55:53;Tidak Diketahui;Negra Coffee Kraton;-7.80786;110.364402
224;🌊🔥SAGARA LESTARI #2 Sejuta Mangrove untuk Pesisir;2025-10-27 20:21:53;Minggu, 09 November 2025;Pantai Baros;-8.025345;110.286348
225;SERUFO DAY PROUDLY PRESENT!;2025-10-27 20:16:57;Tidak Diketahui;Gedung Pameran Temporer Sonobudoyo;-7.8018972;110.3644256
226;*[OPEN RECRUITMENT PESERTA BRAWIJAYA BUSINESS & CA;2025-10-27 20:16:16;Tidak Diketahui;Tidak Diketahui;;
227;CLOSING CEREMONY DOPAMINATION 2025;2025-10-27 20:12:25;Tidak Diketahui;JNM Bloc;-7.8000614;110.3532393
228;Dear our loved ones,;2025-10-27 20:09:53;Tidak Diketahui;Tidak Diketahui;;
229;🔊 BEM FBSB UNY 2025 PROUDLY PRESENTS! 💡;2025-10-27 20:08:15;Senin, 3 November 2025;Online;-7.8157412;110.351417
230;🎙️Career Talk Webinar 2025🎙️;2025-10-26 20:19:40;Minggu, 2 November 2025;Career Talk Webinar 2025 yang akan dilaksanakan pada:;;
231;🎀 *[BIZCRAFT ALERT!]* 🎀;2025-10-25 22:20:24;*Selasa, 28 Oktober 2025*;Lokasi workshop: *Hall Fakultas Bisnis dan Ekonomika UII*;-7.728867;110.41355
232;Halo, siswa SMA Yogyakarta dan sekitarnya!;2025-10-25 22:15:49;Tidak Diketahui;Tidak Diketahui;;
233;Kamu tinggal di Yogyakarta atau sekitarnya? Penasa;2025-10-25 22:13:04;Tidak Diketahui;Cakap Innovation Hub;-7.771746;110.373401
234;📖✨ *Write It Out, Let It Out!* ✨📖;2025-10-25 19:39:14;️ *Tanggal:* Ahad, 2 November 2025;:* Zoom Meeting;;
235;✨WORKSHOP KONSELING SEBAYA✨;2025-10-25 18:13:48;Jumat, 07 November 2025;Auditorium Kampus 1 UNJAYA (Lantai 4;-7.744158;110.349755
236;Hai, Stingers! Sudah siap adu strategi, skill, dan;2025-10-25 16:01:59;Tidak Diketahui;Tidak Diketahui;;
237;🎓✨ SEMINAR NASIONAL🎓✨;2025-10-25 10:27:33;Senin, 27 Oktober 2025;Auditorium Lt.4 UST;-7.799732;110.370535
238;OPEN REGISTRATION CULTIVEX 2025 🎭✨;2025-10-25 08:45:35;Tidak Diketahui;Langkah Indah Tari Tradisi untuk Mempertahankan Jati Diri.”_;;
239;🎉 MPI FAIR 2025;2025-10-25 08:42:22;Tidak Diketahui;Tidak Diketahui;;
240;RGR Team Mini4WD Present :;2025-10-24 19:27:13;Tidak Diketahui;Tidak Diketahui;;
241;*📄[Trefeo DIY X Medan Dialektika 2025]‼️*;2025-10-24 19:18:06;Tidak Diketahui;Auditorium Taman Budaya Embung Giwangan Yogyakarta (share.google/MqgpGXz7YOQkLwaoA;-7.828882;110.384232
242;The biggest wedding expo is coming!;2025-10-24 18:55:25;7 - 9 November 2025;Atrium Rama & Shinta;-7.7817561;110.4013092
243;CALLING OUT MOBILE LEGEND PLAYER YOGYAKARTA DAN SE;2025-10-24 18:43:45;Tidak Diketahui;Open Slot: 48 TIM (Non Multislot;;
244;*[🤔‼️H-1 DONOR DARAH BEM FK UAD X PMI JOGJA🤔‼️]*;2025-10-24 16:50:26;Hari/Tanggal: *Sabtu, 25 Oktober 2025*;Tempat: Lobby Gedung Fakultas Kedokteran UAD;-7.80373;110.39572
245;🌟 TABLIGH AKBAR 2025 🌟;2025-10-24 15:05:09;Tidak Diketahui;Auditorium Abdul Kahar Mudzakkir;-7.674984;110.420845
246;🌟 *[OPEN REGISTRATION – HEROES IN HARMONY 2025]*🌟;2025-10-23 19:32:03;️ *Minggu, 16 November 2025*;*Lantai 2 – Plaza Ambarrukmo*;-7.7817561;110.4013092
247;Kelas Workshop Latte Art Batch 2 Taalenta x Qohwah;2025-10-23 17:18:45;Minggu ssore, 16 November 2025;Qohwah Coffee;-7.78521;110.370353
248;Katanya punya passion aja belum cukup, tapi gimana;2025-10-23 15:24:18;Tidak Diketahui;Tidak Diketahui;;
249;Let’s play, feel the vibe of Tidore in Jogja!;2025-10-23 11:28:49;25–26 Okt 2025;Titik 0 KM Yogyakarta;-7.800767;110.365313
250;🎪✨ ECOFEST 2025 is coming to rock your night !✨🎪;2025-10-22 19:45:55;29 November 2025;Lapangan Realino;-7.777015;110.400262
251;*Kaliurang Festival Hub (KalFestHub) seri #8 X Ree;2025-10-22 19:39:06;️ Hari/ Tanggal: Kamis, 23 Oktober 2025;Tempat: Ruang Audiovisual;;
252;Segalanya tampak abadi dalam kemegahan yang tak te;2025-10-22 19:34:07;️: 25 Oktober 2025;Auditorium SMM Yogyakarta;-7.771235;110.387994
253;Kamu UTSnya udah beres kan, kita healing yuk <3;2025-10-22 19:30:38;22 November 2025;Auditorium Driyarkara Universitas Sanata Dharma Yogyakarta;-7.776632;110.403425
254;⏰ H-2 to Close Registration! ⏰;2025-10-22 19:28:18;Tidak Diketahui;Tidak Diketahui;;
255;KAMI AKAN PENTAS‼️;2025-10-22 19:25:59;Tidak Diketahui;YOGYAKARTA;-7.8012646;110.3646857
256;Habis zumba jangan pulang dulu yaaa🥰🤭;2025-10-22 19:00:38;Tidak Diketahui;Tidak Diketahui;;
257;Halo, ParentGrow Yogyakarta 🤗;2025-10-22 17:10:32;26 Oktober 2025;House of MyGelato Signature;-7.775892;110.36423
258;*Kaliurang Festival Hub (KalFestHub) seri #8 X Ree;2025-10-22 16:20:25;️ Hari/ Tanggal: Kamis, 23 Oktober 2025;Tempat: Ruang Audiovisual;;
259;Belajar Bareng Espos spesial edisi Hari Batik Nasi;2025-10-22 16:15:49;Tidak Diketahui;Online;-7.8157412;110.351417
260;🎾💚 SORALLY PADEL IS HERE! 💚🎾;2025-10-22 16:00:59;️ Sat, Nov 15;Sekawan Padel Court;-7.77977;110.370258
261;🎃✨ BOO AT THE ZOO IS BACK! ✨🎃;2025-10-21 20:48:17;Tanggal Lomba: 2 November 2025;Lokasi: Suraloka Interactive Zoo;-7.607462;110.4211048
262;Katanya punya passion aja belum cukup, tapi gimana;2025-10-21 19:45:32;Tidak Diketahui;Tidak Diketahui;;
263;REUNION;2025-10-21 18:32:14;️ 17 - 26 Oktober 2025;Jogja National Museum;-7.8000614;110.3532393
264;Hai, Stingers! Sudah siap adu strategi, skill, dan;2025-10-21 12:00:36;Tidak Diketahui;Tidak Diketahui;;
265;Pottery Workshop;2025-10-21 07:07:17;26 Oktober 2025;Anggrek Astuti Jogja — Jl. Kaliurang KM 17;-7.652156;110.422588
266;*Kaliurang Festival Hub (KalFestHub) seri #8 X Ree;2025-10-20 19:16:41;️ Hari/ Tanggal: Kamis, 23 Oktober 2025;Tempat: Ruang Audiovisual;;
267;🎤✨ DUCK NIGHT IS CALLING! ✨🎤;2025-10-20 19:13:24;️ Tanggal: Sabtu, 25 Oktober 2025;Lokasi: Downtown Diner;-7.78859;110.369524
268;‼️KAPAN LAGI WORKSHOP CUMA 10RB‼️;2025-10-20 19:11:54;️Minggu, 26 Oktober 2025;Pakuwon Mall Jogja (Glass House UG Floor;-7.753389;110.40875
269;🎉[EXTENDED REGISTRATION CBCC 2025]🎉;2025-10-20 19:10:20;Tidak Diketahui;Tidak Diketahui;;
270;Halo, Sahabat @radian.yk !;2025-10-20 19:04:25;Minggu, 26 Oktober 2025;Ndalem Yudonegaran;-7.807869;110.363155
271;Hi, Young Entrepreneurs! 👋🏻;2025-10-20 17:21:47;Tidak Diketahui;Tidak Diketahui;;
272;*Kaliurang Festival Hub (KalFestHub) seri #8 X Ree;2025-10-20 16:20:43;️ Hari/ Tanggal: Kamis, 23 Oktober 2025;Tempat: Ruang Audiovisual;;
273;🌟 [𝗨𝗣𝗛𝗢𝗥𝗜𝗔 𝟮𝟬𝟮𝟱: 𝗧𝗛𝗘 𝗔𝗪𝗔𝗞𝗘𝗡𝗜𝗡𝗚] 🌟;2025-10-20 15:35:13;️: Sabtu, 25 Oktober 2025;GPIK UGM Yogyakarta;-7.773822;110.373401
274;🌿 [OPEN REGISTRATION – JELAJAH ENERGI TERBARUKAN 2;2025-10-20 12:01:02;Tidak Diketahui;Location: PLTS Cirata;;
275;🚨𝗣𝗿𝗼𝗺𝗼 𝗚𝗲𝗱𝗲-𝗴𝗲𝗱𝗲𝗮𝗻 𝗰𝘂𝗺𝗮 𝘀𝗮𝗺𝗽𝗮𝗶 𝟮𝟱 𝗢𝗸𝘁𝗼𝗯𝗲𝗿 𝟮𝟬𝟮𝟱!;2025-10-20 11:05:44;10 November 2025;Online;-7.8157412;110.351417
276;🏃Hari Kesehatan Nasional 2025🏃;2025-10-19 20:42:42;Tidak Diketahui;Fakultas Kedokteran;-7.6877899;110.4149563
277;Hai, Stingers! Sudah siap adu strategi, skill, dan;2025-10-19 20:35:44;Tidak Diketahui;Tidak Diketahui;;
278;🌿 [OPEN VOLUNTEER – 1000 MANGROVES, ONE FUTURE] 🌿;2025-10-19 20:30:12;️ Hari/Tanggal: Minggu, 26 Oktober 2025;Lokasi: Wisata Hutan Mangrove Wana Tirta;-8.026405;110.279619
279;🚨[ OPEN REGISTRATION ] KAWAN PUAN GOES TO UGM 🚨;2025-10-19 20:27:36;Sabtu, 01 November 2025;Auditorium Lt. 3;-7.771221;110.377063
280;[🍀H-6 ACARA PUNCAK WFD FESTICOM 2025🍀];2025-10-19 20:23:07;: Jumat, 24 Oktober 2025;Tidak Diketahui;;
281;☄️ *HIMAPSTIKA FMIPA UNESA PROUDLY PRESENT*☄️;2025-10-19 20:16:38;️ : Minggu, 09 November 2025;Online;-7.8157412;110.351417
282;🎉 FEBILLIONAIRE 11th — FESTIVAL KREATIVITAS & KOMP;2025-10-19 20:01:41;Pendaftaran: 18–20 September;Free Registration;;
283;🎪✨ ECOFEST 2025 is coming to rock your night !✨🎪;2025-10-18 18:58:22;29 November 2025;Lapangan Realino;-7.777015;110.400262
284;Hallo sahabat Matematika!;2025-10-18 18:41:21;Tidak Diketahui;Tidak Diketahui;;
285;🚨‼️𝗘𝗗𝗠 𝗫 𝗖𝗛𝗔𝗥𝗜𝗧𝗬 𝟮𝟬𝟮𝟱: 𝗜𝗧'𝗦 𝗧𝗜𝗠𝗘 𝗧𝗢 𝗗𝗢𝗡𝗔𝗧𝗘 🌻💛;2025-10-18 15:40:00;Tidak Diketahui;Tidak Diketahui;;
286;"UKM Bahasa Asing ""SAFEL"" UNY Proudly Presents";2025-10-18 15:37:35;November 3–29, 2025;WhatsApp Group;;
287;Yuuuuk…”ngopi” ngobrol hepi- sambil ngopi;2025-10-18 15:30:18;Tidak Diketahui;Tidak Diketahui;;
288;Something Cosmic Is Coming ✨;2025-10-18 15:28:22;️ 22-24 Oktober 2025;Galeri SMSR Yogyakarta;-7.80004;110.36442
289;*Kaliurang Festival Hub (KalFestHub) seri #8 X Ree;2025-10-18 15:26:53;️ Hari/ Tanggal: Kamis, 23 Oktober 2025;Tempat: Ruang Audiovisual;;
290;🎉[EXTENDED REGISTRATION CBCC 2025]🎉;2025-10-18 15:19:09;Tidak Diketahui;Tidak Diketahui;;
291;Kadang, masalahnya bukan di siapa yang bicara… tap;2025-10-18 14:00:19;10 November 2025;Online;-7.8157412;110.351417
292;PODIUM VOL.2 – MAGICAL POP SHOT💥;2025-10-18 13:00:42;Tidak Diketahui;2 November 2025 at Takom 1922 Cafe & Resto;-7.774577;110.3905
293;🎙️ Saatnya upgrade cara bicaramu!;2025-10-18 11:00:39;Tidak Diketahui;Online;-7.8157412;110.351417
294;Halo, ParentGrow Yogyakarta 🤗;2025-10-18 10:33:52;26 Oktober 2025;House of MyGelato Signature;-7.775892;110.36423
295;🌸 AMSA-UGM proudly presents 🌸;2025-10-17 19:27:56;October 25th, 2025;Performance Hall FBSB UNY;-7.77134;110.3907
296;Yuuuuk…”ngopi” ngobrol hepi- sambil ngopi;2025-10-17 12:57:30;Tidak Diketahui;Tidak Diketahui;;
297;Assalamualaikum wr. wb 🌊MALAKA#5🌊;2025-10-17 07:56:27;Tidak Diketahui;Online;-7.8157412;110.351417
298;Pertama kali di Erista Garden Asri!! 🌸;2025-10-16 18:03:05;️ Sabtu, 18 Oktober 2025;Erista Griyo Dhahar 🌿;-7.751276;110.428456
299;*📢🚨 GUWOSARI MEMANGGIL! MALAM MINGGU MINGGU MU ANT;2025-10-16 17:59:52;Tidak Diketahui;Alun-Alun Guwosari;-7.904499;110.33446
300;[CAPTION KOSONG];2025-10-16 16:55:40;Tidak Diketahui;Tidak Diketahui;;
301;Pernah sadar nggak, murid itu belajar bicara dari;2025-10-16 14:02:42;Tidak Diketahui;𝘠𝘰𝘨𝘺𝘢𝘬𝘢𝘳𝘵𝘢 | 📅 10 𝘕𝘰𝘷𝘦𝘮𝘣𝘦𝘳 2025;;
302;Gugup? Semua pernah kok. Tapi yang hebat itu tahu;2025-10-16 11:00:23;𝟭𝟬 𝗡𝘰𝘷𝘦𝘮𝘣𝘦𝘳 𝟮𝟬𝟮𝟱— Spesial Hari Pahlawan;Lokasi Super Strategis! Hotel Harper Yogyakarta;-7.766786;110.370591
303;🎉✨𝐇𝐀𝐋𝐎 𝐀𝐍𝐀𝐊-𝐀𝐍𝐀𝐊 𝐇𝐄𝐁𝐀𝐓 𝐒𝐄-𝐃𝐈𝐘!!!✨🎉;2025-10-16 08:42:41;Tidak Diketahui;PGMI FITK UIN Sunan Kalijaga Yogyakarta;-7.781898;110.395679
304;ISI Jogjakarta Jazz Camp 2025 is back!;2025-10-15 21:16:43;Tidak Diketahui;Online;-7.8157412;110.351417
305;Hai, Stingers! Sudah siap adu strategi, skill, dan;2025-10-15 21:15:15;Tidak Diketahui;Tidak Diketahui;;
306;🎉 HI FEST SOSIOLOGI AGAMA 2025 🎉;2025-10-15 21:12:29;Tidak Diketahui;More;;
307;Buat warga Jogja, udah tau belum kalau ada Toko Fu;2025-10-15 21:07:24;Tidak Diketahui;Tidak Diketahui;;
308;Yuuuuk…”ngopi” ngobrol hepi- sambil ngopi;2025-10-15 21:03:49;Tidak Diketahui;Tidak Diketahui;;
309;Semarak HUT KOPMA UNY ke-43 makin seru bareng POCA;2025-10-15 12:50:50;Tidak Diketahui;Tidak Diketahui;;
310;Assalamualaikum wr. wb 🌊MALAKA#5🌊;2025-10-15 10:35:54;Tidak Diketahui;Online;-7.8157412;110.351417
311;Halo, GenMut, Generasi Muda Membatik!;2025-10-14 20:47:14;Sabtu, 25 Oktober 2025 - Minggu, 26 Oktober 2025;PORTA By Ambarukmo;-7.787752;110.407
312;⚽🔥 *[OPEN REGISTRATION GALACTUS ARENA 2025]* 🔥⚽;2025-10-14 20:35:11;Tidak Diketahui;Tidak Diketahui;;
313;Yuuuuk…”ngopi” ngobrol hepi- sambil ngopi;2025-10-14 18:38:57;Tidak Diketahui;Tidak Diketahui;;
314;PET & PLANT EXHIBITION hadir di LG Plaza Ambarrukm;2025-10-14 17:54:14;13–26 Oktober 2025;Online;-7.8157412;110.351417
315;Gmart menghadirkan pengalaman belanja yang praktis;2025-10-14 17:00:00;Tidak Diketahui;Tidak Diketahui;;
316;☕🔥 COFFEE CLASS WAS A HIT! 🔥☕;2025-10-14 12:49:16;October 18, 2025;Kangen Boutique Hotel;-7.79477;110.36382
317;🎤✨ LOMBA MENYANYI TINGKAT JATENG DIY TALENTA MUSIC;2025-10-13 19:00:57;Sabtu, 1 November 2025;RUMIfest Creative and Festival;-7.77881;110.387922
318;💡 *Revolusi Riset & Publikasi Jurnal dengan AI!*💡;2025-10-13 17:59:26;️ Minggu, 19 Oktober 2025;Online;-7.8157412;110.351417
319;🌟 Pernahkah kamu membayangkan...;2025-10-13 17:33:23;️ Sabtu, 18 Oktober 2025;GIK UGM;-7.7733154;110.3761744
320;Kamu lagi stress dan ngerasa butuh me time? Cusss;2025-10-13 08:30:15;24 Oktober 2025 yaaa, jangan sampai ketinggalan✨;Tidak Diketahui;;
321;Selendang cinta, menyulam air mata kehancuran💔;2025-10-12 16:00:20;️ 8 November 2025;Auditorium Driyarkara;-7.776632;110.403425
322;[🏃‍♂️ KOPMA UNY TRAIL RUN 2025 ];2025-10-12 13:30:17;Tanggal: 12 Oktober 2025;Lokasi: Wisata Bojong Asri;-7.848821;110.158327
323;Hello girls, join with us at Beauty Class Oriflame;2025-10-12 11:45:41;: Sabtu, 18 Oktober 2025;Glass House;-7.753389;110.40875
324;Di Jogja ada pasar yang gak pernah tutup 24jam non;2025-10-12 10:50:25;Tidak Diketahui;Tidak Diketahui;;
325;seberapa _kalcer_ kamu?;2025-10-12 07:55:29;Tidak Diketahui;Tidak Diketahui;;
326;JOGJA✨👧 Beauty Class Kids Pertama di Jogja!✨;2025-10-11 12:00:13;Tidak Diketahui;Minggu;;
327;🚨 Calling for any Sponsor and Support, besties! 🚨;2025-10-11 11:51:23;️ November 2025;Sekawan Padel Court;-7.77977;110.370258
328;Kalian harus tau , kalau di Mall legend nya jogja;2025-10-11 10:37:48;Tidak Diketahui;Tidak Diketahui;;
329;✨ OPEN SPONSORSHIP ✨;2025-10-11 10:14:05;Tidak Diketahui;Tidak Diketahui;;
330;🏆🌱 𝐃𝐈𝐄𝐒 𝐍𝐀𝐓𝐀𝐋𝐈𝐒 𝐤𝐞-𝟔𝟓 𝐅𝐀𝐊𝐔𝐋𝐓𝐀𝐒 𝐒𝐘𝐀𝐑𝐈'𝐀𝐇 & 𝐇𝐔𝐊𝐔𝐌 𝐀𝐂;2025-10-11 10:13:38;Tidak Diketahui;Tidak Diketahui;;
331;🎃💀 SPOOKTACULAR HALLOWEEN FIT FUN DAY IS COMING! 💀;2025-10-10 18:33:28;Sabtu, 25 Oktober 2025;Alun - Alun Ambarrukmo;-7.7817561;110.4013092
332;JOGJA✨👧 Beauty Class Kids Pertama di Jogja!✨;2025-10-10 16:30:25;Tidak Diketahui;Minggu;;
333;Halo, ParentGrow Yogyakarta 🤗;2025-10-10 14:00:02;26 Oktober 2025;House of MyGelato Signature;-7.775892;110.36423
334;Langkah demi langkah telah kami lalui bersama hing;2025-10-10 12:00:13;16 Oktober 2025;Lokasi : Taman Budaya Gunungkidul (TBG;-7.986833;110.597985
335;*📢 NATIONAL YOUTH COMPETITION 2025 📢*;2025-10-10 09:00:21;Tidak Diketahui;Tidak Diketahui;;
336;Tournament Padel Vibes 80's;2025-10-09 18:16:38;6 Oktober.;Tidak Diketahui;;
337;JOGJA✨👧 Beauty Class Kids Pertama di Jogja!✨;2025-10-09 15:21:15;Tidak Diketahui;Minggu;;
338;[ CALL FOR VOLUNTEERS ];2025-10-09 12:31:40;Tidak Diketahui;Panti Asuhan Yatim Putri Islam Jogja;;
339;🌷 *Workshop by Prada Hadir Kembali* 🌷;2025-10-09 12:27:52;Tidak Diketahui;Tidak Diketahui;;
340;Halo Sobat Regantris Daftarkan diri mu dalam Event;2025-10-08 21:52:04;Tidak Diketahui;Tidak Diketahui;;
341;[MALIKI INTERNASIONAL COMPETITION OF ECONOMIC AND;2025-10-08 20:04:09;Tidak Diketahui;Tidak Diketahui;;
342;[Youth Science Festival Competition Extended Timel;2025-10-08 19:58:00;Tidak Diketahui;Tidak Diketahui;;
343;✨ Barre & Beauty ✨;2025-10-08 14:42:54;Saturday, 11 October 2025;Joglo Nyah Pat;-7.777015;110.400262
344;🥰 Mari Meriahkan Local Pop-Up Market UMKM Difabel;2025-10-08 08:00:20;Tidak Diketahui;Kebon nDeso Wonorejo (sebelum SMP N 4 Ngaglik Sleman persis;-7.70582;110.39707
345;[GRATIS, KUOTA TERBATAS‼️];2025-10-08 08:00:00;Tidak Diketahui;Tidak Diketahui;;
346;Butuh tempat aman buat cerita? Atau lagi nyari sup;2025-10-07 20:45:41;11–12 Oktober 2025;Wisdom Park UGM;-7.770158;110.3828823
347;✨🔥 [SEMINAR NASIONAL WEB 3 & BLOCKCHAIN] 🔥✨;2025-10-07 20:41:07;Hari/Tanggal: Rabu, 8 Oktober 2025;Tempat: UIN Sunan Kalijaga;-7.781898;110.395679
348;Yogyakarta Inline Skate Academy ( YISA ) mempersem;2025-10-07 20:36:36;Tidak Diketahui;Tidak Diketahui;;
349;📢 The 5th XTENTION UGM 📢;2025-10-07 20:33:43;Tidak Diketahui;Tidak Diketahui;;
350;✨ 𝑼𝑲𝑴𝑭 𝑲𝒆𝒍𝒐𝒎𝒑𝒐𝒌 𝑺𝑬𝑲𝑹𝑼𝑷 𝑷𝒓𝒐𝒖𝒅𝒍𝒚 𝑷𝒓𝒆𝒔𝒆𝒏𝒕 ✨;2025-10-07 20:00:43;Sabtu, 8 November 2025;Performance Hall FBSB UNY;-7.77134;110.3907
351;💡 *Revolusi Riset & Publikasi Jurnal dengan AI!*💡;2025-10-07 19:35:02;️ Minggu, 19 Oktober 2025;Online;-7.8157412;110.351417
352;[ ROAR #10 IS CALLING ] 🐣🛒;2025-10-07 19:31:45;️ Sunday, November 2, 2025;Margono Soeradji Auditorium;-7.771236;110.377626
353;🎃💀 SPOOKTACULAR HALLOWEEN FIT FUN DAY IS COMING! 💀;2025-10-07 19:12:17;Sabtu, 25 Oktober 2025;Alun - Alun Ambarrukmo;-7.781617;110.407267
354;Bertepatan dalam rangka HUT kota Jogja ke-269 uji;2025-10-07 08:27:48;Tidak Diketahui;Tidak Diketahui;;
355;HALO FRIENDS! Siapa yang ikut keseruan Good Day Sc;2025-10-06 18:47:34;Tidak Diketahui;Tidak Diketahui;;
356;📢 𝗔𝗖𝗧𝗜𝗩𝗘 𝟮𝟬𝟤𝟱 𝗣𝗥𝗢𝗨𝗗𝗟𝗬 𝗣𝗥𝗘𝗦𝗘𝗡𝗧 📢;2025-10-06 18:28:39;️ Minggu, 12 Oktober 2025;Ballroom Tower UNS;-7.558333;110.856111
357;✨🌟 OPEN HOUSE SMP STELLA DUCE 1 YOGYAKARTA 2025 🌟✨;2025-10-06 17:45:24;Pelaksanaan: 25 Oktober 2025;Tidak Diketahui;;
358;Hai anak kreatif! 🎨👧🏻👦🏻;2025-10-06 12:07:32;Tidak Diketahui;Tidak Diketahui;;
359;🌟 Kabar Gembira! Pendaftaran Balqis Fest 2025 🌟;2025-10-05 19:23:29;Waktu: 3 Oktober – 12 Oktober;Online;-7.8157412;110.351417
360;seberapa _kalcer_ kamu?;2025-10-05 16:50:43;Tidak Diketahui;Tidak Diketahui;;
361;✨ OPEN SPONSORSHIP ✨;2025-10-05 14:00:53;Tidak Diketahui;Tidak Diketahui;;
362;Hello girls, join with us at Beauty Class Oriflame;2025-10-05 13:00:07;: Sabtu, 18 Oktober 2025;Glass House;-7.7956;110.3695
363;✨ Yogyakarta Oratorio Society with Orchestra ✨;2025-10-05 11:36:24;Senin, 13 Oktober 2025;Auditorium Driyarkara;-7.771236;110.377626
364;[𝐈𝐍𝐓𝐄𝐑𝐍𝐀𝐓𝐈𝐎𝐍𝐀𝐋 𝐀𝐍𝐃 𝐇𝐄𝐀𝐋𝐓𝐇 𝐍𝐔𝐓𝐑𝐈𝐓𝐈𝐎𝐍 𝐒𝐘𝐌𝐏𝐎𝐒𝐈𝐔𝐌 𝟐𝟎𝟐𝟓;2025-10-05 10:01:18;Date: October 19th, 2025;Online;-7.8157412;110.351417
365;✨ 𝐓𝐄𝐌𝐔 𝐁𝐔𝐃𝐀𝐘𝐀 𝐍𝐔𝐒𝐀𝐍𝐓𝐀𝐑𝐀 𝐗𝐗𝐗𝐈 ✨;2025-10-04 20:30:54;Tidak Diketahui;Fakultas Bahasa;-7.7724982;110.383676
366;Spesial buat kalian! Agrapana Furniture Jogja ngad;2025-10-04 20:10:20;️ 30 September - 12 Oktober 2025;Main Atrium Jogja City Mall;-7.754792;110.358245
367;🌟 IT’S TIME! 🌟;2025-10-04 18:39:03;Registration: September 20 – October 26, 2025;Tidak Diketahui;;
368;🎃💀 SPOOKTACULAR HALLOWEEN FIT FUN DAY IS COMING! 💀;2025-10-04 18:36:34;Sabtu, 25 Oktober 2025;Alun - Alun Ambarrukmo;-7.781617;110.407267
369;🏆 VETERAN INVESTMENT COMPETITION 2025 IS OFFICIA;2025-10-04 11:02:36;Tidak Diketahui;Early Bird: 18 September - 24 September 2025 | Rp. 99.000;;
370;✨ PENTAS AMBAL WARSA 57 ✨;2025-10-03 17:48:34;Sabtu, 4 Oktober 2025;Gelanggang Inovasi dan Kreativitas (GIK;-7.7733154;110.3761744
371;✨ *Yogyakarta Oratorio Society with Orchestra* ✨;2025-10-03 15:00:40;Senin, 13 Oktober 2025;Auditorium Driyarkara;-7.771236;110.377626
372;💡 *Revolusi Riset & Publikasi Jurnal dengan AI!*💡;2025-10-03 14:26:09;️ Minggu, 19 Oktober 2025;Online;-7.8157412;110.351417
373;🥳 Weekend Ceria di Temu Kamu! LOMBA MENGGAMBAR GRA;2025-10-02 18:55:05;Tidak Diketahui;Tidak Diketahui;;
374;*🏃‍♀ Opening Milad Fakultas Psikologi UAD: Fun Run;2025-10-02 15:43:17;Tidak Diketahui;Sabtu;;
375;seberapa _kalcer_ kamu?;2025-10-02 15:01:34;Tidak Diketahui;Tidak Diketahui;;
376;🔔‼️𝗔𝗡𝗡𝗢𝗨𝗡𝗖𝗘𝗠𝗘𝗡𝗧‼️🔔;2025-10-02 09:26:56;𝗛𝗮𝗿𝗶 : 18 Oktober 2025;𝗧𝗲𝗺𝗽𝗮𝘁 : SMAN 1 GODEAN;-7.799934;110.3521677
377;☕️✨ Weekly Talk @wakijancoffee ✨☕️;2025-10-01 19:57:32;Jumat, 3 Oktober 2025;Wakijan Coffee;-7.7956;110.3695
378;🎉Flawless Makeup Class with OMG! ✨;2025-10-01 18:28:19;️ Kapan: 05 OKTOBER 2025;Di mana: Temu Kamu Yogyakarta;-7.770933;110.392398
379;🔊 𝑼𝑲𝑴𝑭 𝐊𝐞𝐥𝐨𝐦𝐩𝐨𝐤 𝐒𝐄𝐊𝐑𝐔𝐏 𝐏𝐫𝐨𝐮𝐝𝐥𝐲 𝐏𝐫𝐞𝐬𝐞𝐧𝐭 🔊;2025-10-01 16:57:06;Tidak Diketahui;LAV Gallery;-7.7956;110.3695
380;🌟PENDAFTARAN LOMBA OPEN HOUSE SMP Stella Duce 1 Yo;2025-10-01 10:23:22;Tidak Diketahui;Tidak Diketahui;;
381;🚨[ 𝑫𝑬𝑵𝑻𝑰𝑺𝑻𝑹𝒀 𝑶𝑷𝑬𝑵 𝑫𝑨𝒀 𝟐𝟎𝟐𝟓]🚨;2025-09-29 09:00:21;Sabtu, 1 November 2025;Auditorium Margono Soeradji;-7.771236;110.377626
382;Hi, Young Entrepreneurs! 👋🏻;2025-10-01 07:36:37;Tidak Diketahui;Tidak Diketahui;;
383;✨ Flowing energy meets grounded calm ✨;2025-09-30 21:18:16;️ Sunday, Oct 12th 2025;Taman Jiwo Venue;-7.7956;110.3695
384;‼️ VIRAL ‼️;2025-09-30 20:39:05;Tidak Diketahui;Lokasinya : Ruko;-7.7956;110.3695
385;Rasakan pengalaman olahraga yang berbeda—menggerak;2025-09-30 20:38:10;️ Minggu, 5 Oktober 2025;Taman Lumbini;-7.766723;110.373243
386;🎉Flawless Makeup Class with OMG! ✨;2025-09-30 17:32:42;️ Kapan: 05 OKTOBER 2025;Di mana: Temu Kamu Yogyakarta;-7.770933;110.392398
387;📢 WEEKEND MARKET IS BACK! CALLING ALL TENANTS! 📢;2025-09-30 17:32:04;️ Tanggal: 3 - 5 Oktober;Lokasi: Temu Kamu Yogyakarta;-7.770933;110.392398
388;🥳 Weekend Ceria di Temu Kamu! LOMBA MENGGAMBAR GRA;2025-09-30 17:30:44;Tidak Diketahui;Tidak Diketahui;;
389;🏅 Official Finisher Medal BiosfeRun 2025! 🏅;2025-09-30 16:00:45;Tidak Diketahui;Tidak Diketahui;;
390;🎨 PAMERAN PERDANA MAHASISWA BARU 🎨;2025-09-30 15:00:37;30 September – 3 Oktober 2025;Performance Hall;-7.7956;110.3695
391;✨ Yogyakarta Oratorio Society with Orchestra ✨;2025-09-30 13:00:35;Senin, 13 Oktober 2025;Auditorium Driyarkara;-7.771236;110.377626
392;✨ OPEN SPONSORSHIP ✨;2025-09-30 11:07:34;Tidak Diketahui;Tidak Diketahui;;
393;Hakka Creator Day is back!;2025-09-30 09:45:24;8 Oktober 2025;Online;-7.8157412;110.351417
394;😭 pasrah deh ✋🏻;2025-09-29 23:07:41;Tidak Diketahui;Tidak Diketahui;;
395;Event Thrift Terbesar di Jogja ada lagi nih!;2025-09-29 20:00:50;5 Oktober 2025 saja 🙌🏻;Balai Utari Gedung Mandala Bakti Wanita Tama;-7.7956;110.3695
396;Digital Women Gathering 2 – Ngonten Santai, Cuan M;2025-09-29 19:00:10;8 Nov 2025;Online;-7.8157412;110.351417
397;🎉Flawless Makeup Class with OMG! ✨;2025-09-29 15:01:33;️ Kapan: 05 OKTOBER 2025;Di mana: Temu Kamu Yogyakarta;-7.770933;110.392398
398;✨[LOMBA NASIONAL SASURA 2025]✨;2025-09-29 15:00:06;Tidak Diketahui;Tidak Diketahui;;
399;Hello girls, join with us at Beauty Class Oriflame;2025-09-29 14:00:38;: Sabtu, 18 Oktober 2025;Glass House;-7.7956;110.3695
400;✨ Halo sobat creative ✨;2025-09-29 11:20:15;Tidak Diketahui;Rage n Roast;-7.7956;110.3695
401;Get ready, Jogja!;2025-09-28 19:00:12;Tidak Diketahui;Lapangan Pancasila UGM;-7.7719;110.3777
402;Digital Women Gathering 2 – Ngonten Santai, Cuan M;2025-09-28 18:00:44;8 Nov 2025;Online;-7.8157412;110.351417
403;✨ Yogyakarta Oratorio Society with Orchestra ✨;2025-09-28 16:30:17;Senin, 13 Oktober 2025;Auditorium Driyarkara;-7.771236;110.377626
404;Hello Friends..;2025-09-28 15:30:13;Tidak Diketahui;Tidak Diketahui;;
405;📢 WEEKEND MARKET IS BACK! CALLING ALL TENANTS! 📢;2025-09-28 14:50:43;️ Tanggal: 3 - 5 Oktober;Lokasi: Temu Kamu Yogyakarta;-7.770933;110.392398
406;🎉Flawless Makeup Class with OMG! ✨;2025-09-28 13:19:34;️ Kapan: 05 OKTOBER 2025;Di mana: Temu Kamu Yogyakarta;-7.770933;110.392398
407;🥳 Weekend Ceria di Temu Kamu! LOMBA MENGGAMBAR GRA;2025-09-28 13:18:07;Tidak Diketahui;Tidak Diketahui;;
408;[ OPEN VOLUNTEER SOSMAS CAMP UGM 2025‼️];2025-09-28 09:55:41;Tidak Diketahui;Tidak Diketahui;;
410;‼️ 𝗢𝗣𝗘𝗡 𝗥𝗘𝗚𝗜𝗦𝗧𝗥𝗔𝗧𝗜𝗢𝗡‼️;2025-09-27 22:04:54;Tidak Diketahui;Kampus Pusat;-7.7628121;110.4094427
411;🚨 GOOD FRIENDS, ARE YOU READY?! 🚨;2025-09-27 19:20:51;4 Oktober 2025;Stadion Mandala Krida;-7.7960711;110.3843125
412;🎉Flawless Makeup Class with OMG! ✨;2025-09-27 18:55:30;️ Kapan: 05 OKTOBER 2025;Di mana: Temu Kamu Yogyakarta;-7.770933;110.392398
413;Ladies, saatnya upgrade skill digital kamu! 💻✨;2025-09-27 18:30:00;Tidak Diketahui;wa 0819-3335-5355;;
414;📢 WEEKEND MARKET IS BACK! CALLING ALL TENANTS! 📢;2025-09-27 18:00:40;️ Tanggal: 3 - 5 Oktober;Lokasi: Temu Kamu Yogyakarta;-7.770933;110.392398
415;Official Jersey BiosfeRun 2025! 👕;2025-09-27 16:00:08;Tidak Diketahui;Tidak Diketahui;;
416;[𝐏𝐀𝐌𝐄𝐑𝐀𝐍 𝐃𝐈𝐊𝐉𝐔𝐓 𝐃𝐈𝐀́𝐍𝐎𝐈𝐀];2025-09-27 14:30:39;️ 3 Oktober 2025 : 16.00 - 21.00;Bale Banjar Sangkring;-7.8122685;110.3430449
417;Kepala di kaki, kaki di kepala 💀;2025-09-27 14:03:26;Tidak Diketahui;Tidak Diketahui;;
418;Tomorrow! 💎;2025-09-27 14:00:00;Tidak Diketahui;Tidak Diketahui;;
419;𝗖𝗥𝗢𝗦𝗦 𝗖𝗨𝗟𝗧𝗨𝗥𝗔𝗟 𝗨𝗡𝗗𝗘𝗥𝗦𝗧𝗔𝗡𝗗𝗜𝗡𝗚 𝟮𝟬𝟮𝟱;2025-09-27 13:05:33;️ October 11th, 2025;Online;-7.8157412;110.351417
420;INI DIAAAA! 🔥;2025-09-27 10:05:58;Tidak Diketahui;Tidak Diketahui;;
421;Hello Friends..;2025-09-27 10:04:29;Tidak Diketahui;Tidak Diketahui;;
422;‼️ 𝗢𝗣𝗘𝗡 𝗥𝗘𝗚𝗜𝗦𝗧𝗥𝗔𝗧𝗜𝗢𝗡‼️;2025-09-26 21:50:50;Tidak Diketahui;Kampus Pusat;-7.7628121;110.4094427
423;📝 [Essay Competition FPCI Fest 2025] 📝;2025-09-26 19:50:22;Tidak Diketahui;Tidak Diketahui;;
424;Ladies, saatnya upgrade skill digital kamu! 💻✨;2025-09-26 19:39:12;Tidak Diketahui;wa 0819-3335-5355;;
425;[ECONOMICS TALK 2025];2025-09-26 17:39:32;️Saturday, September 27th, 2025;Tidak Diketahui;;
426;✨ OPEN SPONSORSHIP ✨;2025-09-26 17:31:40;Tidak Diketahui;Tidak Diketahui;;
427;Hello Friends..;2025-09-26 14:07:37;Tidak Diketahui;Tidak Diketahui;;
428;✨ Yogyakarta Oratorio Society with Orchestra ✨;2025-09-26 11:59:52;Senin, 13 Oktober 2025;Auditorium Driyarkara;-7.771236;110.377626
429;🌟OPEN HOUSE SMP Stella Duce 1 Yogyakarta🌟;2025-09-26 11:01:37;Tidak Diketahui;Tidak Diketahui;;
430;🎤 𝐂𝐀𝐋𝐋𝐈𝐍𝐆 𝐎𝐔𝐓 𝐓𝐎 𝐀𝐋𝐋 𝐒𝐈𝐍𝐆𝐄𝐑𝐒 & 𝐂𝐎𝐍𝐂𝐄𝐑𝐓 𝐋𝐎𝐕𝐄𝐑𝐒!🎤;2025-09-25 20:13:18;Tidak Diketahui;Tidak Diketahui;;
431;✨ Pagelaran Seni Siti Adiyati: BLERO ✨;2025-09-25 20:06:32;2 – 31 Oktober 2025;Pendopo Ajiyasa;-7.7956;110.3695
432;Halo, calon inspirator muda! 🙌🏻;2025-09-25 20:02:39;Tidak Diketahui;Lokasi: Perbukitan Menoreh;-7.8105;110.0543
433;Kaliurang Festival Hub (KalFestHub) seri #7 X Kota;2025-09-25 17:55:25;️ Kamis–Jumat, 25–26 September 2025;Ruang Audio Visual Ilmu Komunikasi Lt. 3;-7.7956;110.3695
434;🚺 KHUSUS PEREMPUAN 🚺;2025-09-25 14:51:01;Tidak Diketahui;Online;-7.8157412;110.351417
435;Surprise Challanges 😱;2025-09-25 14:00:00;Tidak Diketahui;Tidak Diketahui;;
436;✨ Kesempatan ikut BiosfeRun masih terbuka lebar! ✨;2025-09-25 13:27:41;19 Oktober 2025;Lapangan Desa Pagerharjo;-7.7667;110.4000
437;🌲✨ Portal menuju Hutan Pinus kembali terbuka! ✨🌲;2025-09-24 19:30:53;Jumat, 26 September 2025;Hutan Pinus @gik.ugm;-7.7733154;110.3761744
438;Kaliurang Festival Hub (KalFestHub) seri #7 X Kota;2025-09-24 19:30:08;️ Kamis–Jumat, 25–26 September 2025;Ruang Audio Visual Ilmu Komunikasi Lt. 3;-7.7956;110.3695
439;✨ *Talkshow Edukatif SEDASA* ✨;2025-09-24 18:33:37;Sabtu, 27 September 2025;Auditorium Gedung R. Poerbatjaraka;-7.771236;110.377626
440;📝 [Essay Competition FPCI Fest 2025] 📝;2025-09-24 18:27:53;Tidak Diketahui;Tidak Diketahui;;
441;*✨ Dari Benang Jadi Peluang! ✨*;2025-09-24 18:00:45;Tanggal: 12 Oktober 2025;Lokasi: Sesarengan;-7.7622236;110.3866698
442;Spend your Sunday surrounded by flowers 🌷;2025-09-24 17:06:53;Sunday, Sept 28, 2025;Tidak Diketahui;;
443;A little sneak peak for those who dont know what i;2025-09-24 10:05:04;️ 28 September 2025;Tidak Diketahui;;
444;We are never sleep !;2025-09-24 00:23:47;Tidak Diketahui;Tidak Diketahui;;
445;📉;2025-09-23 19:30:20;Kamis, 25 Sept 2025;Gedung Bursa Efek Indonesia KP Yogyakarta;-7.7818;110.3664
446;📝 [Essay Competition FPCI Fest 2025] 📝;2025-09-23 18:56:54;Tidak Diketahui;Tidak Diketahui;;
447;🥇 *OLIMPIADE MATEMATIKA AHMAD DAHLAN* 🥇;2025-09-23 18:53:59;Tidak Diketahui;Tidak Diketahui;;
448;📢 *[OPEN REGISTRATION – FEW X WRD 2025]* 🐾✨;2025-09-23 17:30:32;Minggu, 28 September 2025;Auditorium Persatuan (Fakultas Filsafat UGM;-7.7686;110.3732
449;Kaliurang Festival Hub (KalFestHub) seri #7 X Kota;2025-09-23 16:48:22;️ Kamis–Jumat, 25–26 September 2025;Ruang Audio Visual Ilmu Komunikasi Lt. 3;-7.7956;110.3695
450;📢✨ MEDXPLODANCE ✨📢;2025-09-23 08:30:14;Sabtu, 04 Oktober 2025;Tidak Diketahui;;
451;💡 *Revolusi Riset & Publikasi Jurnal dengan AI!*💡;2025-09-22 19:47:12;️ Minggu, 19 Oktober 2025;Online;-7.8157412;110.351417
452;✨ Meditasi Bersama: Menyatu dengan Kedamaian ✨;2025-09-22 19:00:26;Minggu, 28 September 2025;Yogyakarta Meditation Center (YMC;-7.7956;110.3695
453;‼️𝒀𝑶𝑮𝒀𝑨𝑲𝑨𝑹𝑻𝑨 𝑺𝑰𝑨𝑷-𝑺𝑰𝑨𝑷‼️;2025-09-22 18:45:29;Tidak Diketahui;𝘼𝙩𝙧𝙞𝙪𝙢 𝙎𝙝𝙞𝙣𝙩𝙖;-7.9778384;110.3672257
454;[H-4 JANGAN BINGUNG];2025-09-22 18:38:48;26 – 28 September 2025;Halaman Masjid Besar Mataram;-7.8130;110.3688
455;Senja jogja dan kamu gaada obat;2025-09-22 18:22:00;Tidak Diketahui;Tidak Diketahui;;
456;Sebuah perjalanan musikal, menelusuri jejak sejara;2025-09-22 18:00:55;Tidak Diketahui;Militaire Societeit Taman Budaya Yogyakarta;-7.7956;110.3695
457;Pernah kebayang nggak, goresan di kayu atau cukil;2025-09-22 16:00:28;️ 28 September;Creativarium Hubung Space;-7.7956;110.3695
458;✨ OPEN SPONSORSHIP ✨;2025-09-22 15:25:43;Tidak Diketahui;Tidak Diketahui;;
459;‼️WARNING‼️;2025-09-21 23:31:05;Tidak Diketahui;Ratel Escape Room;-7.7956;110.3695
460;[📢 KABAR GEMBIRA!]🎉;2025-09-21 19:50:09;22 – 28 September 2025;Tidak Diketahui;;
461;✨🌿;2025-09-21 19:05:25;Tidak Diketahui;Tidak Diketahui;;
462;✨SEKOLAH MEDIA ll 2025 IS COMING!✨;2025-09-21 12:39:06;️ 27 September 2025;Online;-7.8157412;110.351417
463;WarMieAndDo @indonesiancustomshow;2025-09-21 10:13:59;Tidak Diketahui;Tidak Diketahui;;
464;🎓✨ International Education Fair 2025 special ke Yo;2025-09-20 19:00:29;Minggu, 5 Oktober 2025;Porta by Ambarrukmo;-7.7766057;110.3824091
465;BEM FEB UGM PROUDLY PRESENTS...;2025-09-20 18:00:13;️ 26 September 2025;Parkiran Learning Center FEB UGM;-7.7733;110.3770
466;HALOOO WELCOMERS IKOM 2025 🚨;2025-09-20 17:40:15;23 September 2025 yang siap bikin kamu makin upgrade insight dan kreativitasmu! 🚀✨ Jangan lupa datang ya!;Tidak Diketahui;;
467;[𝑯𝒊𝒎𝒑𝒖𝒏𝒂𝒏 𝑴𝒂𝒉𝒂𝒔𝒊𝒔𝒘𝒂 𝑷𝒓𝒐𝒈𝒓𝒂𝒎 𝑺𝒕𝒖𝒅𝒊 𝑻𝒆𝒌𝒏𝒐𝒍𝒐𝒈𝒊 𝑳𝒂𝒃𝒐𝒓;2025-09-20 17:22:55;Tidak Diketahui;Online;-7.8157412;110.351417
468;Hallo Bung dan Nona, ada cerita seru yang menanti!;2025-09-20 15:15:28;️ 25 - 28 September 2025;Jalan Kayu Putih (Perumahan Dosen M6;-7.7956;110.3695
469;Bors telah kembali menepati janjinya, bertanda per;2025-09-20 13:45:28;Tidak Diketahui;Tidak Diketahui;;
470;🔔‼️𝗔𝗡𝗡𝗢𝗨𝗡𝗖𝗘𝗠𝗘𝗡𝗧‼️🔔;2025-09-20 13:00:31;𝗛𝗮𝗿𝗶 : 11 Oktober 2025;𝗧𝗲𝗺𝗽𝗮𝘁 : SMAN 1 SEYEGAN;-7.7126;110.3235
472;Barre Intensity pakai gymball? 😍;2025-09-20 12:05:15;Minggu, 21 September 2025;House of Bakpiaku;-7.7956;110.3695
473;Spend your Sunday surrounded by flowers 🌷;2025-09-20 11:22:21;Sunday, Sept 28, 2025;Tidak Diketahui;;
474;Pasar Kangen TBY balik lagi nih!!;2025-09-19 20:00:33;Tidak Diketahui;Taman Budaya Yogyakarta;-7.800148;110.3676367
475;🎉 Kids Festival Vol. 4 is coming!;2025-09-19 19:00:15;3, 4, 5 Oktober 2025;link/QR code di poster! 💛;-7.8157412;110.351417
476;*🔆ELEVEN CHRISTIAN COMMUNITY SMAN 11 YOGYAKARTA PR;2025-09-19 18:38:57;25 Oktober 2025;SMAN 11 YOGYAKARTA;-7.7925;110.3676
477;Hello girls, join with us at Beauty Class Oriflame;2025-09-19 18:00:18;: Sabtu, 20 September 2025;Glass House;-7.7956;110.3695
478;🔥 Resto baru hadir buat kamu pecinta ikan bakar!;2025-09-19 17:32:44;Tidak Diketahui;Tidak Diketahui;;
479;📢 Gaskeun! Glow Up Session #2: Future Talent Readi;2025-09-19 13:17:36;Tidak Diketahui;Tidak Diketahui;;
480;Lagi di jogja weekend bingung kemana lagi, mending;2025-09-19 11:36:33;Tidak Diketahui;Tidak Diketahui;;
482;✨ OPEN SPONSORSHIP ✨;2025-09-18 17:30:00;Tidak Diketahui;Tidak Diketahui;;
483;🌸 Strike a pose where history meets happy vibes—Pl;2025-09-18 16:52:59;Tidak Diketahui;Plaosan Lor Temple;-7.7475;110.4912
484;*OPEN REGISTRATION LIBRARY PARTY HMPS ILMU PERPUST;2025-09-18 12:06:44;Tidak Diketahui;Tidak Diketahui;;
485;📢 *STUDIUM GENERALE*;2025-09-17 19:04:02;*Hari/Tanggal:* Sabtu, 20 September 2025;*Tempat:* Auditorium Koinonia;-7.771236;110.377626
486;✨ Mau jadi Host LIVE Stream profesional?;2025-09-17 15:59:02;Tidak Diketahui;Tidak Diketahui;;
487;📢 [OPEN REGISTRATION] AGROMINA COMPETITION 2025 🌾🎨;2025-09-17 15:52:29;Tidak Diketahui;Tidak Diketahui;;
488;🐣 Keseruan lomba offline “Menggambar Kemasan” Anak;2025-09-16 20:57:48;16 Agustus - 21 September 2025. Dengan hadiah total jutaan rupiah serta karyanya bisa dicetak di kemasan bakpiaku loh 🥳;Online;-7.8157412;110.351417
489;🚨📢 [ OPEN REGISTRATION VOLUNTEER AKSI SOSIAL BIOSP;2025-09-16 20:23:35;Tanggal: 28 September 2025;Lokasi: Wanatirta;-7.7956;110.3695
490;🚀✨ LINE UP TRANSMISSION UNLOCKED! ✨🚀;2025-09-16 20:21:17;Tidak Diketahui;Maguwoharjo Stadium — November 15th;-7.7554;110.4077
491;Spend your Sunday surrounded by flowers 🌷;2025-09-16 19:07:04;Sunday, Sept 28, 2025;Tidak Diketahui;;
492;🚨 SAVE THE DATE 🚨;2025-09-16 18:55:06;️ 19 – 20 Sept 2025;Bro’N Brew (Jl. Perumnas No.9;-7.771236;110.377626
494;✨ Glow Economy: Beautypreneurs Take the Lead ✨;2025-09-16 08:55:26;17 September 2025;Student Center @gik.ugm;-7.7733154;110.3761744
495;Bingung cari oleh oleh jogja yang buka 24 jam ?;2025-09-15 22:29:21;Tidak Diketahui;Tidak Diketahui;;
496;[𝐈𝐍𝐓𝐄𝐑𝐍𝐀𝐓𝐈𝐎𝐍𝐀𝐋 𝐂𝐑𝐎𝐒𝐒 𝐂𝐔𝐋𝐓𝐔𝐑𝐀𝐋 𝐃𝐀𝐘 𝟐𝟎𝟐𝟓] 🌏🔥🎉;2025-09-15 19:54:13;Tanggal: 20 September 2025;Lokasi: Main Atrium;-7.7956;110.3695
497;WAH WAH WAH!!;2025-09-15 19:43:41;Tidak Diketahui;Ruang Auditorium Sekolah Tinggi Multi Media Yogyakarta;-7.7570;110.4005
498;💄✨ BACK BY POPULAR DEMAND! ✨💄;2025-09-15 19:38:26;Sabtu, 27 September 2025;Asteria Resto – Ceria Boutique Hotel;-7.7956;110.3695
499;ARE YOU READY TO RUN?⚡️;2025-09-15 19:02:42;Minggu, 2 November 2025;Balai Kalurahan Panggungharjo;-7.8166;110.3732
500;📢 *STUDIUM GENERALE*;2025-09-15 17:28:24;*Hari/Tanggal:* Sabtu, 20 September 2025;*Tempat:* Auditorium Koinonia;-7.771236;110.377626
501;Halo, Puan 🫀;2025-09-15 14:55:00;️ Minggu, 21 September 2025;Wisdom Park UGM;-7.770158;110.3828823
502;Get ready, Jogja!;2025-09-15 09:14:55;Tidak Diketahui;Lapangan Pancasila UGM;-7.7719;110.3777
503;✨ Workshop Merangkai Janur Vol. 3 ✨;2025-09-14 20:09:43;Minggu, 21 September 2025;Anggrek Astuti Jogja;-7.755498;110.407983
504;[𝐎𝐏𝐄𝐍 𝐑𝐄𝐆𝐈𝐒𝐓𝐑𝐀𝐓𝐈𝐎𝐍 — 𝐕𝐄𝐓𝐄𝐑𝐀𝐍 𝐁𝐔𝐒𝐈𝐍𝐄𝐒𝐒 𝐂𝐎𝐌𝐏𝐄𝐓𝐈𝐓𝐈𝐎𝐍;2025-09-14 19:15:45;Tidak Diketahui;Tidak Diketahui;;
506;Fakta 🥱🤙🏻;2025-09-14 17:11:12;Tidak Diketahui;Tidak Diketahui;;
507;✨[SPECIAL PRICE IS HERE]✨;2025-09-14 17:01:10;Tidak Diketahui;Tidak Diketahui;;
508;📢✨ [OFFICIAL ANNOUNCEMENT – HUT KOPMA UNY 43 TRAIL;2025-09-14 15:33:31;Minggu, 12 Oktober 2025;Wisata Bojongasri;-7.848821;110.158327
509;Halo Pemuda Jogja 🙌✨,;2025-09-14 14:56:16;*20 September 2025*;Online;-7.8157412;110.351417
510;Workshop Miniature di Lokanusa Kotagede!;2025-09-14 13:02:29;Tanggal: 20 September 2025;Lokanusa;-7.833978;110.3998912
511;🔥 KELAS GRATIS – ONLINE – 3 HARI 🔥;2025-09-13 17:55:49;3 DAYS FREECLASS:;ZOOM;;
512;*Tiket EARLY BIRD telah dibuka!*;2025-09-13 17:51:23;Tidak Diketahui;Tidak Diketahui;;
513;📢 *STUDIUM GENERALE*;2025-09-13 17:32:39;*Hari/Tanggal:* Sabtu, 20 September 2025;*Tempat:* Auditorium Koinonia;-7.786968;110.372559
514;"""Hai anak kreatif! 🎨👧🏻👦🏻";2025-09-13 12:03:16;Tidak Diketahui;Tidak Diketahui;;
515;Hallo Beauties 👋;2025-09-13 10:53:40;Tidak Diketahui;Tidak Diketahui;;
516;Erafone Run 2025;2025-09-12 21:32:20;22 November 2025;Laguna View;-7.84547;110.27092
517;🎉 *BABY KIDS FUN DAY* bersama Milna x Bidanvitacar;2025-09-12 19:03:24;Sabtu, 4 Oktober 2025;Bidanvitacare.id Pusat Gito Gati;-7.7126132;110.3970792
518;Ikuti & Saksikan SCFF 2025;2025-09-12 17:41:04;Tidak Diketahui;Tidak Diketahui;;
519;🎞️ 𝐍𝐏𝐂 × 𝐌𝐀𝐉𝐎𝐑 𝐏𝐑𝐎𝐔𝐃𝐋𝐘 𝐏𝐑𝐄𝐒𝐄𝐍𝐓 🎞️;2025-09-12 14:44:06;Tidak Diketahui;Pendhapa Art Space;-7.8285419;110.3573211
520;Hello girls, join with us at Beauty Class Oriflame;2025-09-12 10:10:10;: Sabtu, 20 September 2025;Glass House;-7.753389;110.40875
521;Ampun 😭🙏🏻;2025-09-11 22:28:32;Tidak Diketahui;Tidak Diketahui;;
522;Calling All Yogis Yogyakarta to join Bunga Yoga✨;2025-09-11 19:46:51;Tidak Diketahui;Yats Collony Yogya (Indoor;-7.777015;110.368735
523;🔮CAREER LAB 2025🔮;2025-09-11 18:18:41;Sabtu, 4 Oktober 2025;Online;-7.8157412;110.351417
524;🌅 SUNRISE SERENITY with Meita;2025-09-11 18:05:56;Sunday, September 14, 2025;Joglo Sendangadi;-7.711242;110.3757342
525;Calling All Yogis Yogyakarta to join Bunga Yoga✨;2025-09-11 14:15:00;Tidak Diketahui;Yats Collony Yogya (Indoor;-7.777015;110.368735
526;[GAMARUPA 2025: SIMPANG];2025-09-11 13:49:19;14–20 September 2025 di Gelanggang Inovasi dan Kreativitas,;Tidak Diketahui;;
527;Calling All Yogis Yogyakarta to join Bunga Yoga✨;2025-09-10 20:40:45;Tidak Diketahui;Yats Collony Yogya (Indoor;-7.777015;110.368735
528;The Wait is Over!;2025-09-10 17:58:31;15 September!;Morse Board Game & Cafe;-7.77726;110.37035
529;🌟 [SEMAR EDU FAIR 2025 – REGULER TICKET IS NOW OPE;2025-09-10 17:50:23;Tidak Diketahui;Universitas Sebelas Maret;-7.558362;110.854087
530;Dunia boleh gaduh, politik boleh panas, tapi Jogja;2025-09-10 15:15:37;Tidak Diketahui;Tidak Diketahui;;
531;🕯️ The flames glow brighter as our magical night r;2025-09-09 20:08:01;Tidak Diketahui;Tidak Diketahui;;
532;🎉 ENTREPRENEUR FESTIVAL 2025 🎉;2025-09-09 19:47:44;Periode: 9 September – 26 September 2025;Place: KPLT Hall;-7.774577;110.3905
533;‼️KRONOLOGI‼️;2025-09-09 14:17:45;Tidak Diketahui;ada di dekat Gembira Loka Jogja ✨;-7.808007;110.402636
534;💡 *Revolusi Riset & Publikasi Jurnal dengan AI!*💡;2025-09-08 19:10:13;️ Minggu, 19 Oktober 2025;Online;-7.8157412;110.351417
535;Bosquee ada yang kangen Jogja?;2025-09-08 18:00:05;Periode lomba: 22/08 – 22/09/2025;Tidak Diketahui;;
536;🌊✨ Artsy Social Club Vol.1 ✨🌊;2025-09-08 16:45:02;14 September 2025;Pantai Pelangi;-8.016301;110.278381
537;📽️ Official Trailer Pentas Tiga Bayangan VI;2025-09-08 16:01:24;Tidak Diketahui;Tidak Diketahui;;
538;🎓✨ [OPEN REGISTRATION] ✨🎓;2025-09-08 15:07:55;Tidak Diketahui;Tidak Diketahui;;
539;🌟 Spirit of Excellence in Islamic Mining Competiti;2025-09-07 21:56:25;Tidak Diketahui;Tidak Diketahui;;
540;✨📚 Jogja Book Fair 2025 hadir lagi!;2025-09-07 15:09:27;4–14 September 2025;Grahatama Pustaka Yogyakarta;-7.7995435;110.4070051
541;Hello girls, join with us at Beauty Class Oriflame;2025-09-06 17:42:21;: Sabtu, 20 September 2025;Glass House;-7.753389;110.40875
542;🌿 Belakangan ini, rasanya banyak hal (kita sama-sa;2025-09-06 17:23:13;Minggu, 14 September 2025;Teduh Coffee – Sleman;-7.730303;110.370889
543;🇮🇩 GEBYAR LOMBA CINTA INDONESIA 2025 🇮🇩;2025-09-06 14:30:11;Tanggal: Sabtu, 13 September 2025;Lokasi: Garden Coconut Coffee & Eatery;-7.78116;110.432049
544;🐈 WE LOVE TO SING 🐈;2025-09-06 11:10:26;️ : Saturday, September 27th 2025;Student Center;-7.7733467;110.3849273
545;Ikuti & Saksikan SCFF 2025;2025-09-06 10:00:54;Tidak Diketahui;Tidak Diketahui;;
546;🌟 PASAR BLUMBANG #23 🌟;2025-09-06 09:03:38;Minggu Wage, 14 September 2025;Pasar Blumbang;-7.6143141;110.3740354
547;✨ *PUBLIC DISCUSSION SCREEN #3* ✨;2025-09-06 09:00:30;Tidak Diketahui;Ruang Disertasi lt.2 Gedung B;;
548;Wanginya ke sampek pori pori ✨ ✋🏻😋✋🏻;2025-09-05 22:31:17;Tidak Diketahui;Tidak Diketahui;;
549;🔥 Bisnis online makin ramai, tapi kamu masih bingu;2025-09-04 18:15:24;Minggu, 07 September 2025;Online;-7.8157412;110.351417
550;🎾✨ SheServes Saturday is here, ladies! ✨🎾;2025-09-04 14:04:13;Saturday, 13 September 2025;UNY Outdoor Tennis Court;-7.77353;110.39082
551;📣HIMA PADP PROUDLY PRESENT📣;2025-09-03 19:57:32;:Minggu, 5 Oktober 2025;Online;-7.8157412;110.351417
552;[Festival Kidung Kecil Nusantara 2025 hadir di Jog;2025-09-03 19:55:19;20 September 2025;Jogja City Mall;-7.7534032;110.3604711
553;[UKM-O MACO Fakultas Ilmu Komputer Universitas Jem;2025-09-03 19:52:35;Pendaftaran : 20 Juli - 14 September 2025;Online;-7.8157412;110.351417
554;🪷 SEMINAR KARIER PSYCHOLOGY EXPLORATION 2025 🔱;2025-09-03 19:50:37;Tidak Diketahui;Tidak Diketahui;;
555;🌿 Art that blooms from nature 🌿;2025-09-03 19:49:35;6 September 2025;Ledok Sambi;-7.6462747;110.4276601
556;‎;2025-09-03 19:48:31;Tidak Diketahui;Tidak Diketahui;;
557;✨[OPEN REGISTRATION BUSINESS TALK 2025]✨;2025-09-03 19:46:35;nya yaaa! Business Talk 2025 akan dilaksanakan pada:;Gedung Widyaloka Universitas Brawijaya;-7.954738;112.614838
558;🌊✨[READY TO BE PART OF ONE HEALTH WITH ACTION ] 🌍🌱;2025-09-03 19:42:39;Sabtu, 6 September 2025;edukasi;-7.7721997;110.3888966
559;Halo, Vetizen 👋🏻;2025-09-03 16:10:43;Tidak Diketahui;Start & Finish: FKH UGM;-7.77098;110.38317
560;🚀 AI: Masa Depan Pendidikan Dimulai Sekarang!;2025-09-03 15:23:18;️ Sabtu, 13 September 2025;Zoom Meeting;;
561;Di rumah lama yang nyaris dilupakan, satu buku ber;2025-09-03 14:45:34;️ : 6 September 2025;Tidak Diketahui;;
562;📸 SEGERA HADIR!!!;2025-09-03 14:32:11;5 - 13 September 2025*;Gedung Militaire Societeit;-7.800063;110.364421
563;𝐑𝐞𝐠𝐢𝐬𝐭𝐫𝐚𝐬𝐢 𝐑𝐞𝐠𝐮𝐥𝐞𝐫 𝐞𝐫𝐚𝐟𝐨𝐧𝐞 𝐑𝐮𝐧 𝟐𝟎𝟐𝟓 𝐬𝐮𝐝𝐚𝐡 𝐝𝐢𝐛𝐮𝐤𝐚!📣;2025-09-03 13:37:02;️Sabtu, 22 November 2025;Laguna View Depok Bantul;-7.84547;110.27092
564;🎨*Flickers to Fusion: Crafting Harmony from Unseen;2025-09-02 16:10:16;6 September 2025;Ruang Sidang Besar FH UNY;-7.771971;110.385750
565;Stretch, Flow, Create;2025-09-02 15:46:01;Sunday, 14 September 2025;Pendhopo Ayem Tentrem;-7.747192;110.368940
566;🏔️ Morning Bliss Yoga;2025-09-02 14:46:34;Tidak Diketahui;Museum Anaia and Alisha;;
567;Because every love story deserves a beautiful sett;2025-09-02 14:06:03;Tidak Diketahui;Tidak Diketahui;;
568;♻ Workshop Eco Lindi ♻;2025-09-01 17:55:07;6 September 2025;Plaza Wisdom UGM;-7.770158;110.3828823
569;🏆 HALO, GENERASI PENUH IDE BRILIAN! 🏆;2025-09-01 17:53:46;Tidak Diketahui;Tidak Diketahui;;
570;Doakan mereka yang membara, tenangkan diri di inda;2025-09-01 14:26:32;Tidak Diketahui;Tidak Diketahui;;
571;🏃🏻‍♀️ INFO RUTE 5K VET FUN RUN 2025 🏃🏾;2025-09-01 12:26:26;Tidak Diketahui;Start & Finish: FKH UGM;-7.77098;110.38317
572;🤙🏻😋 hihihi;2025-08-31 22:24:53;Tidak Diketahui;Tidak Diketahui;;
573;[UKM-O MACO Fakultas Ilmu Komputer Universitas Jem;2025-08-31 20:54:59;Pendaftaran : 20 Juli - 14 September 2025;Online;-7.8157412;110.351417
574;✨📚 JOGJA BOOK FAIR 2025 📚✨;2025-08-31 08:18:10;4 – 14 September 2025;Grhatama Pustaka;-7.7995435;110.4070051
575;✨ Talent Show Competition 2025 ✨;2025-08-30 20:44:23;Grand Final: 19 September 2025;Gedung Agape;-7.786968;110.372559
576;🎊📸 SEGERA HADIR!!!;2025-08-30 20:23:01;4 - 13 September 2025;Gedung Militaire Societeit;-7.800063;110.364421
577;🎀 Celebrate yourself through flowers — you deserve;2025-08-30 19:32:26;️ Minggu, 31 Agustus 2025;Garden Peony Restaurant – Grand Malioboro Hotel Yogyakarta;-7.795101;110.363941
578;Ikuti & Saksikan SCFF 2025;2025-08-30 12:53:22;Tidak Diketahui;Tidak Diketahui;;
579;💐✨ More than just flowers…;2025-08-29 19:03:53;Tidak Diketahui;Tidak Diketahui;;
580;✨ 𝐁𝐮𝐬𝐢𝐧𝐞𝐬𝐬 𝐌𝐚𝐬𝐭𝐞𝐫𝐜𝐥𝐚𝐬𝐬 𝐢𝐬 𝐁𝐚𝐜𝐤 𝐢𝐧 𝐀𝐜𝐭𝐢𝐨𝐧👀;2025-08-29 18:28:53;: Minggu, 14 September 2025;Auditorium lt. 8 Gedung APLSC;;
581;[EXTEND OPEN REGISTRATION GAMACUP 2025];2025-08-28 20:00:33;mulai dari 24 hingga 30 Agustus 2025. Catat tanggalnya dan jangan sampai tertinggal ya!;Tidak Diketahui;;
582;‎;2025-08-28 19:59:21;Tidak Diketahui;Tidak Diketahui;;
583;"""MERETAS: ENKRIPSI""";2025-08-28 19:56:49;Tidak Diketahui;Sangkasa Gallery @sangkasagallery;-7.801646;110.378954
584;*Stretch, Flow, Create*;2025-08-28 19:53:16;Sunday, 31 August 2025;Pendhopo Ayem Tentrem;-7.747192;110.368940
585;Pakuwon Mall Jogja proundly present : PLAY WIYH US;2025-08-28 19:50:22;️ 22 - 31 Agustus 2025;Grand Atrium;-7.753389;110.40875
586;[𝗢𝗽𝗲𝗻 𝗥𝗲𝗴𝗶𝘀𝘁𝗿𝗮𝘁𝗶𝗼𝗻: 𝗗𝗼𝗻𝗼𝗿 𝗗𝗮𝗿𝗮𝗵 𝗗𝗶𝗲𝘴 𝗡𝗮𝘁𝗮𝗹𝗶𝘀 𝗸𝗲-𝟯𝟱;2025-08-28 19:47:51;Minggu, 7 September 2025;Fasilitas Kerohanian UGM;-7.770158;110.3828823
587;Time to shop ‘til you drop! ✨;2025-08-28 19:46:49;Tidak Diketahui;Tidak Diketahui;;
588;VANTASTIC LOMBA 17AN dari VIVAN kembali hadir buat;2025-08-28 18:59:51;Tidak Diketahui;Tidak Diketahui;;
589;"🎬 NoBar dan Diskusi ""Dengarkan Aku"" – GRATIS! Lawa";2025-08-28 12:14:39;Tidak Diketahui;tautan ini;;
590;📚✨ Rangkaian Lomba Seru di Jogja Book Fair 2025! ✨;2025-08-28 09:00:14;️ 4–14 September 2025;Grahatama Pustaka Yogyakarta;-7.7995435;110.4070051
591;Anak retail can relate 🥲🤙🏻🔥;2025-08-27 23:10:24;Tidak Diketahui;Tidak Diketahui;;
592;TIKET EARLY BIRD @erafone.run EXTRA SLOT ALERT! 🗣️;2025-08-27 21:09:21;Sabtu, 22 November 2025;Laguna View Depok;-7.84547;110.27092
593;✨🌸 FLOWER BOUQUET WORKSHOP 🌸✨;2025-08-27 20:36:02;️ Minggu, 31 Agustus 2025;Garden Peony Restaurant – Grand Malioboro Hotel Yogyakarta;-7.795101;110.363941
594;────𝙋𝙍𝙊𝙐𝘿𝙇𝙔 𝙋𝙍𝙀𝙎𝙀𝙉𝙏────;2025-08-27 19:53:29;Tidak Diketahui;Online;-7.8157412;110.351417
595;*Stretch, Flow, Create*;2025-08-27 13:00:45;Sunday, 31 August 2025;Pendhopo Ayem Tentrem;-7.747192;110.368940
596;VANTASTIC LOMBA 17AN dari VIVAN kembali hadir buat;2025-08-26 20:09:35;Tidak Diketahui;Tidak Diketahui;;
597;"""MERETAS: ENKRIPSI""";2025-08-26 20:05:28;Tidak Diketahui;Sangkasa Gallery @sangkasagallery;-7.801646;110.378954
598;HALO, GENERASI MELEK POLITIK!;2025-08-26 19:46:46;️ Sabtu, 30 Agustus 2025;Ruang Aula Seminar Timur;;
599;📢 Countdown to Audisi Jogjakarta!;2025-08-26 16:55:46;Minggu, 31 Agustus 2025;Malioboro Mall;-7.7933462;110.3666637
600;VANTASTIC LOMBA 17AN dari VIVAN kembali hadir buat;2025-08-26 15:15:11;Tidak Diketahui;Tidak Diketahui;;
601;Halo, pecinta dan penikmat catur!👋;2025-08-25 19:12:48;Tidak Diketahui;Lokasi:;-7.7852529;110.3760799
602;"""MERETAS: ENKRIPSI""";2025-08-25 19:00:22;Tidak Diketahui;Sangkasa Gallery @sangkasagallery;-7.801646;110.378954
603;Ngumpul atau bikin acara bareng temen di situ-situ;2025-08-25 18:26:25;Tidak Diketahui;Tidak Diketahui;;
604;Jujur perih 😭;2025-08-25 16:32:05;Tidak Diketahui;Tidak Diketahui;;
605;*⚜️MILAD RACANA COMPETITION 2025⚜️*;2025-08-24 19:03:34;Tidak Diketahui;Tidak Diketahui;;
606;*Holla Babers 🤩❕*;2025-08-24 19:00:56;*Kamis, 18 September 2025*;*CH Lt.2 Universitas Islam Negeri Sunan Kalijaga*;-7.78347;110.40051
607;VANTASTIC LOMBA 17AN dari VIVAN kembali hadir buat;2025-08-24 18:50:49;Tidak Diketahui;Tidak Diketahui;;
608;𝐅𝐄𝐒𝐓𝐈𝐕𝐀𝐋 𝐍𝐀𝐓𝐀 𝐀𝐒𝐓𝐀 #𝟐;2025-08-24 18:40:23;Tidak Diketahui;𝐋𝐚𝐩. 𝐒𝐌𝐀 𝐌𝐮𝐡𝐚𝐦𝐦𝐚𝐝𝐢𝐲𝐚𝐡 𝐏𝐫𝐚𝐦𝐛𝐚𝐧𝐚𝐧 𝐒𝐥𝐞𝐦𝐚𝐧;-7.773822;110.418413
609;FINAL LINE UP MSF2025;2025-08-24 18:35:41;Tidak Diketahui;Tidak Diketahui;;
610;📢 *STUDENT DEVELOPMENT PROGRAM - LEADERSHIP 2025*;2025-08-24 17:35:23;Hari, tanggal : Kamis, 28 Agustus 2025;Lokasi : Auditorium UNY;-7.7771116;110.3882715
611;📢 Countdown to Audisi Jogjakarta!;2025-08-24 15:55:10;Minggu, 31 Agustus 2025;Malioboro Mall;-7.7933462;110.3666637
612;HALO, GENERASI MELEK POLITIK!;2025-08-24 15:26:46;️ Sabtu, 30 Agustus 2025;Ruang Aula Seminar Timur;;
613;Udah punya niat jadi Content Creator tapi bingung;2025-08-24 14:55:56;Tidak Diketahui;Kedai Bahagia;-7.7913667;110.3534617
614;✨🌸 FLOWER BOUQUET WORKSHOP 🌸✨;2025-08-24 12:33:53;️ Minggu, 31 Agustus 2025;Garden Peony Restaurant – Grand Malioboro Hotel Yogyakarta;-7.795101;110.363941
615;✨ INSTAPERFECT REAL SKIN JOURNEY ✨;2025-08-23 20:51:33;28 Agustus 2025;Jelita Babarsari;-7.7741572;110.4120869
616;Bisnis Makin Eksis dengan berbagai fitur menarik d;2025-08-23 20:33:19;Tidak Diketahui;Tidak Diketahui;;
617;👀 Ever wondered what’s really going on with civic;2025-08-23 18:39:12;Tidak Diketahui;Tidak Diketahui;;
618;Hello girls, join with us at Beauty Class Oriflame;2025-08-23 17:02:37;: Minggu, 24 Agustus 2025;Scentatia - Mini Atrium GF Floor;-7.753389;110.40875
619;VANTASTIC LOMBA 17AN dari VIVAN kembali hadir buat;2025-08-22 19:40:44;Tidak Diketahui;Tidak Diketahui;;
620;📢 Countdown to Audisi Jogjakarta!;2025-08-22 19:32:11;Minggu, 31 Agustus 2025;Malioboro Mall;-7.7933462;110.3666637
621;Banyak masalah tim itu bukan soal attitude. Tapi k;2025-08-22 18:52:34;26 - 27 Agustus 2025;Lokasi : Sahid Hotel;-7.766786;110.370591
622;Mata auto aim 👁️ 👄👁️;2025-08-22 17:42:12;Tidak Diketahui;Tidak Diketahui;;
623;🌷 Grow in Pages, Bloom in Flowers: A Self-Journali;2025-08-22 15:19:55;Tidak Diketahui;Tidak Diketahui;;
624;Halo Masyarakat Bantul,;2025-08-22 10:05:46;: Sabtu, 23 Agustus 2025;PUNCAK SOSOK;-7.8716562;110.4262662
625;Tingkatkan aktivitas bisnismu dengan Indibiz! Pili;2025-08-22 09:37:55;Tidak Diketahui;Tidak Diketahui;;
626;🌈👧🧒 Yuk Ikutan!;2025-08-21 20:15:04;Hari: Sabtu, 23 Agustus 2025;Tempat: Ceria Boutique Hotel;-7.77978;110.370258
627;Ini nih produk - produk dengan harga spesial di pa;2025-08-21 20:12:45;31 Agustus aja yaa!;Tidak Diketahui;;
628;*[OPEN REGISTRATION: COMPETITION OF AGROINDUSTRY A;2025-08-21 20:09:59;Tidak Diketahui;Tidak Diketahui;;
629;We're calling all perfume and fragrance lovers to;2025-08-21 20:01:15;️ 15 - 24 Agustus;Mini Atrium;-7.753389;110.40875
630;VANTASTIC LOMBA 17AN dari VIVAN kembali hadir buat;2025-08-21 19:55:41;Tidak Diketahui;Tidak Diketahui;;
631;TERIMA KASIH WARGA HANOMAN!;2025-08-21 19:00:29;Tidak Diketahui;Tidak Diketahui;;
632;Halo Masyarakat Bantul,;2025-08-21 18:04:24;: Sabtu, 23 Agustus 2025;PUNCAK SOSOK;-7.8716562;110.4262662
633;✨ Terimakasih antusiasme masyarakat semua sudah me;2025-08-21 16:22:26;Tidak Diketahui;Lapangan Alun-Alun Gari;-7.986833;110.597985
634;🌷 Grow in Pages, Bloom in Flowers: A Self-Journali;2025-08-21 14:27:28;Tidak Diketahui;Tidak Diketahui;;
635;𝗪𝗔𝗡𝗔 𝗥𝗢𝗢𝗧𝗖𝗔𝗠𝗣 - 𝗣𝗘𝗡𝗗𝗔𝗙𝗧𝗔𝗥𝗔𝗡 𝗗𝗜𝗣𝗘𝗥𝗣𝗔𝗡𝗝𝗔𝗡𝗚, 𝗦𝗔𝗠𝗣𝗔𝗜 𝟮;2025-08-21 11:06:23;Tidak Diketahui;Online;-7.8157412;110.351417
636;📢PENDAFTARAN FERMAT 2025! 🎡🌟;2025-08-20 20:06:36;️Tanggal: 30 Agustus 2025;Tidak Diketahui;;
637;🧚‍♀️✨ Once upon a Sunday… ✨🌸;2025-08-20 19:11:05;Sunday, 24 August 2025;Desa Palagan;-7.7252141;110.3807534
638;✨ 2 Hari Lagi Menuju JIFHEX 2025! ✨;2025-08-20 19:04:10;22–24 Agustus 2025;Jogja Expo Center;-7.7994193;110.40422
639;✨HIMADIKMA X HIMAPSTIKA FMIPA UNESA Proudly Presen;2025-08-20 18:57:11;Tidak Diketahui;Online;-7.8157412;110.351417
640;🎮 PENDAFTARAN MOBILE LEGENDS CHEMISTRY COMPETITION;2025-08-20 18:28:35;8 Juli — 3 September 2025 untuk mahasiswa aktif se-DIY dan/atau Jawa Tengah.;Tidak Diketahui;;
641;🚨 OPEN REGISTRATION COMPETICIOUS 2025🚨;2025-08-20 18:26:01;Tidak Diketahui;Tidak Diketahui;;
642;SOSMAS HIMA PSIKOLOGI UNY X SOSPOL BEMF PSIKOLOGI;2025-08-20 18:21:33;️ : Sabtu, 23 Agustus 2025;Auditorium Rumah Sakit Bethesda Yogyakarta;-7.781898;110.380481
643;[Mediweb Challenge 2025];2025-08-20 18:18:35;Tidak Diketahui;Tidak Diketahui;;
644;*LOMBA FASHION SHOW: BINTANG CILIK NUSANTARA – OPE;2025-08-20 18:17:04;: Jumat, 5 September 2025;Mall Lippo Plaza Jogja;-7.784055;110.3906457
645;VRTX CLEARANCE MARKET IS HERE!;2025-08-20 18:07:56;29–31 Agustus 2025;VRTX Compound Space;-7.7852834;110.3669503
646;🚨 DICARI! Manager & Owner asal Jogja dan sekitarny;2025-08-20 18:05:37;26 - 27 Agustus 2025;Kalau Anda mau tahu rumusnya;;
647;Halo warga Jogja!;2025-08-20 18:04:09;Jumat, 5 September 2025. 15.00-18.00;Tidak Diketahui;;
648;🚀 Pengen tau gimana caranya bangun bisnis dari NOL;2025-08-20 08:43:26;️ Tanggal: 30 Agustus 2025;Tempat: Kaktus Coffee;-7.77977;110.370258
649;resiko punya bos lebih dari satu 🥲🤙🏻;2025-08-19 22:21:24;Tidak Diketahui;Tidak Diketahui;;
650;VRTX CLEARANCE MARKET IS HERE!;2025-08-19 18:07:46;29–31 Agustus 2025;VRTX Compound Space;-7.7852834;110.3669503
651;🌷 Grow in Pages, Bloom in Flowers: A Self-Journali;2025-08-19 17:22:07;Tidak Diketahui;Tidak Diketahui;;
652;Rugi banget kalo ga dateng ke pameran furniture Ag;2025-08-19 17:05:41;Tidak Diketahui;Tidak Diketahui;;
653;Tingkatkan produktivitas bisnismu dengan koneksi s;2025-08-19 14:53:05;Tidak Diketahui;Tidak Diketahui;;
654;🚀 Pengen tau gimana caranya bangun bisnis dari NOL;2025-08-18 20:54:26;️ Tanggal: 30 Agustus 2025;Tempat: Kaktus Coffee;-7.77977;110.370258
655;✨🎨 Yuk ajak si kecil Lomba Mewarnai di Benteng Vre;2025-08-18 18:16:22;Sabtu, 23 Agustus 2025;Tidak Diketahui;;
656;✨🎨 LOMBA MEWARNAI & MENGGAMBAR 2025 🎨✨;2025-08-18 17:17:55;Minggu, 24 Agustus 2025;Online;-7.8157412;110.351417
657;Halo Masyarakat Bantul,;2025-08-18 17:11:15;: Sabtu, 23 Agustus 2025;PUNCAK SOSOK;-7.8716562;110.4262662
658;Pameran Furniture Edisi Spesial Launching Produk B;2025-08-18 15:58:55;19 - 31 Agustus yaa, lokasinya di Ground Floor Ambarrukmo Plaza😍 Jangan sampai kelewatan pameran dari @agrapanafurniture.jogja yaa!;di Ground Floor Ambarrukmo Plaza😍 Jangan sampai kelewatan pameran dari @agrapanafurniture.jogja yaa!;-7.7817561;110.4013092
659;"LANGSUNG DISERBU MANAGER TOP❗OFFLINE WORKSHOP ""KPI";2025-08-18 11:42:17;26 - 27 Agustus 2025;Lokasi : Sahid Hotel;-7.766786;110.370591
660;Hello girls, join with us at Beauty Class Oriflame;2025-08-18 08:25:53;: Minggu, 24 Agustus 2025;Scentatia - Mini Atrium GF Floor;-7.753389;110.40875
661;"""Sejak manusia pertama kali menyadari bahwa diriny";2025-08-17 19:43:44;Tidak Diketahui;Gelanggang Mahasiswa UIN Sunan Kalijaga;-7.78347;110.40051
662;✨ Find Your Magic, Embrace Your True Self ✨;2025-08-17 19:40:30;Race Day: Sabtu, 27 September 2025;Lokasi: Kantor BPH KYM;-7.798158;110.364334
663;VOCALISTA PARADISSO MEMPERSEMBAHKAN 💫;2025-08-17 19:34:12;Sabtu, 30 Agustus 2025;Syantikara Youth Center;-7.78659;110.40345
664;*SOSMAS HIMA PSIKOLOGI UNY X SOSPOL BEMF PSIKOLOGI;2025-08-17 19:32:02;️ : Sabtu, 23 Agustus 2025;Auditorium Rumah Sakit Bethesda Yogyakarta;-7.781898;110.380481
665;𝗪𝗮𝗻𝗮 𝗥𝗼𝗼𝘁𝗰𝗮𝗺𝗽 𝟮𝟬𝟮𝟱 – 𝗛𝘂𝘁𝗮𝗻 𝗟𝗲𝘀𝘁𝗮𝗿𝗶, 𝗥𝗮𝗸𝘆𝗮𝘁 𝗦𝗲𝗷𝗮𝗵𝘁𝗲;2025-08-17 18:53:04;Tidak Diketahui;Online;-7.8157412;110.351417
666;Optimalkan kinerja jaringan dan produktivitas bisn;2025-08-17 16:11:07;Tidak Diketahui;Tidak Diketahui;;
667;[CHEMISTRY FESTIVAL AND COMPETITION 2025];2025-08-17 11:59:27;Tidak Diketahui;Tidak Diketahui;;
668;𝘽𝘼𝙕𝘼𝙍 𝘽𝙐𝙆𝙐 𝘽𝘼𝘾𝙆 𝙏𝙊 𝘾𝘼𝙈𝙋𝙐𝙎 𝙄𝙎 𝘽𝘼𝘾𝙆! 🎉;2025-08-16 19:21:11;18 – 30 Agustus 2025;Halaman UGM Press;-7.76867;110.37326
669;✨ Find Your Magic, Embrace Your True Self ✨;2025-08-16 16:00:22;Race Day: Sabtu, 27 September 2025;Lokasi: Kantor BPH KYM;-7.798158;110.364334
670;‼️SIMAK VIDEO SAMPAI AKHIR‼️;2025-08-16 15:58:48;Tidak Diketahui;ada di dalam Ramai Mall Jogja;-7.795101;110.363941
671;🎬 GEBERINGPAS Sinema 31 Edisi 9 – Merayakan Kisah;2025-08-16 14:08:03;Kamis, 21 Agustus 2025;Pendhapa Art Space;-7.8285419;110.3573211
672;🚀 Pengen tau gimana caranya bangun bisnis dari NOL;2025-08-16 11:56:11;️ Tanggal: 30 Agustus 2025;Tempat: Kaktus Coffee;-7.77977;110.370258
673;[𝐒𝐄𝐌𝐈𝐍𝐀𝐑 𝐈𝐍𝐓𝐄𝐑𝐍𝐀𝐒𝐈𝐎𝐍𝐀𝐋 𝐁𝐄𝐑𝐒𝐄𝐑𝐓𝐈𝐅𝐈𝐊𝐀𝐓];2025-08-16 08:00:08;Tidak Diketahui;FISIPOL UGM;-7.7757852;110.3725107
674;📢PENDAFTARAN FERMAT 2025! 🎡🌟;2025-08-15 21:44:03;️Tanggal: 30 Agustus 2025;Tidak Diketahui;;
675;🌍✨ International Economic Essay Competition 2025 ✨;2025-08-15 21:42:02;Tidak Diketahui;Tidak Diketahui;;
676;💕Breath & Beads Yogalates 💕;2025-08-15 20:41:22;Tidak Diketahui;The Kharma Villas;-7.768482;110.372111
677;🌷Jogja Berbunga🌷;2025-08-15 20:39:19;Minggu, 31 Agustus 2025;Sabin by Seken Living Yogyakarta;-7.749033;110.354174
678;Kelola manajemen sistem informasi dan pembelajaran;2025-08-15 18:33:08;Tidak Diketahui;Tidak Diketahui;;
679;*RUANG EKSPRESI 2025*;2025-08-15 16:46:20;*24 Agustus 2025*;*Gedung Agape;-7.786968;110.372559
680;🎨✨ Ayo Ramaikan Lomba Menggambar 17 Agustus di Tem;2025-08-15 15:08:28;Tanggal: 17 Agustus 2025;Lokasi: Temu Kamu;-7.78521;110.370353
681;Hallo bestiee-!!;2025-08-15 12:15:09;️ : Minggu, 24 Agustus 2025*;Pakuwon Mall Jogja*;-7.7582388;110.399481
682;[𝐒𝐄𝐌𝐈𝐍𝐀𝐑 𝐈𝐍𝐓𝐄𝐑𝐍𝐀𝐒𝐈𝐎𝐍𝐀𝐋 𝐁𝐄𝐑𝐒𝐄𝐑𝐓𝐈𝐅𝐈𝐊𝐀𝐓];2025-08-15 10:16:33;Tidak Diketahui;FISIPOL UGM;-7.7757852;110.3725107
683;Streaming makin lancar di WiFi Corner! Dengan laya;2025-08-14 19:28:17;Tidak Diketahui;Tidak Diketahui;;
684;[𝐒𝐄𝐌𝐈𝐍𝐀𝐑 𝐈𝐍𝐓𝐄𝐑𝐍𝐀𝐒𝐈𝐎𝐍𝐀𝐋 𝐁𝐄𝐑𝐒𝐄𝐑𝐓𝐈𝐅𝐈𝐊𝐀𝐓];2025-08-14 11:45:21;Tidak Diketahui;FISIPOL UGM;-7.7757852;110.3725107
685;[ TALKSHOW KURKUMIN 2025 ];2025-08-13 20:30:30;Tidak Diketahui;Auditorium Lantai 3 Unit 9 Fakultas Farmasi UGM;-7.772591;110.376829
686;🚀 DEEPUBLISH STORE GOES TO UGM 🚀;2025-08-13 19:31:13;Rabu, 27 Agustus 2025;Ruang Seminar Perpustakaan UGM;-7.77303;110.377508
687;Udah tau jalan ke surga buku? 📚;2025-08-13 19:15:06;18–30 Agustus 2025;Halaman UGM Press;-7.76867;110.37326
688;🎨✨ Ayo Ramaikan Lomba Menggambar 17 Agustus di Tem;2025-08-13 12:52:57;Tanggal: 17 Agustus 2025;Lokasi: Temu Kamu;-7.78521;110.370353
689;Rayakan Kemerdekaan dengan Cara yang Penuh Warna!;2025-08-13 12:33:11;Minggu, 17 Agustus 2025;Pakuwon Mall Lantai 2 – Bakso Kota Cakman;-7.753389;110.40875
690;[𝐒𝐄𝐌𝐈𝐍𝐀𝐑 𝐈𝐍𝐓𝐄𝐑𝐍𝐀𝐒𝐈𝐎𝐍𝐀𝐋 𝐁𝐄𝐑𝐒𝐄𝐑𝐓𝐈𝐅𝐈𝐊𝐀𝐓];2025-08-13 08:35:03;Tidak Diketahui;FISIPOL UGM;-7.7757852;110.3725107
691;✨[RESMI DIPERPANJANG! PENDAFTARAN DUTA BUDAYA CILI;2025-08-12 17:32:09;Tidak Diketahui;Tidak Diketahui;;
692;[𝐒𝐄𝐌𝐈𝐍𝐀𝐑 𝐈𝐍𝐓𝐄𝐑𝐍𝐀𝐒𝐈𝐎𝐍𝐀𝐋 𝐁𝐄𝐑𝐒𝐄𝐑𝐓𝐈𝐅𝐈𝐊𝐀𝐓];2025-08-12 08:30:45;Tidak Diketahui;FISIPOL UGM;-7.7757852;110.3725107
693;🎨✨ Ayo Ramaikan Lomba Menggambar 17 Agustus di Tem;2025-08-11 19:13:54;Tanggal: 17 Agustus 2025;Lokasi: Temu Kamu;-7.78521;110.370353
694;PASAMARAN: Seri Diskusi Seni Patung #3;2025-08-11 17:56:46;Tidak Diketahui;Tidak Diketahui;;
695;Nge-teh bareng, yuk! 🍵;2025-08-11 16:50:51;16 Agustus nanti, @lovise.sofa berkolaborasi dengan @dear.eleanortea untuk mengajak Lovely #dudukbareng—merayakan rasa lewat aroma teh yang menenangkan 💙;Tidak Diketahui;;
696;📣[ SEMINAR PASAR MODAL KSPM UPNVYK ]❗;2025-08-11 10:56:47;29 Agustus free nggak??;Ruang Seminar FTM UPNVYK;-7.755498;110.407983
697;📢 LOMBA POSTER DAN KARYA TULIS ILMIAH (KTI) ITB AA;2025-08-10 19:42:40;: 02 - 08 September 2025;Online;-7.8157412;110.351417
698;Suka mirror selfie dan pengen afirmasi diri dengan;2025-08-10 19:18:11;31 Agustus 2025;Kolektif Collaboraction Space;-7.755498;110.407983
699;📌 𝐑𝐢𝐧𝐝𝐨𝐞 𝐃𝐞𝐧𝐝𝐚𝐦 𝐝𝐢 𝐓𝐚𝐧𝐚𝐡 𝐁𝐨𝐞𝐦𝐢𝐩𝐨𝐞𝐭𝐫𝐚 📌;2025-08-10 17:55:36;Sabtu, 30 Agustus 2025;Societeit Militaire Taman Budaya Yogyakarta;-7.800063;110.364421
700;⚜️ Salam Pramuka! ⚜️;2025-08-10 14:12:10;Sabtu, 16 Agustus 2025;Ruang HU207 & HU208 DTEDI SV UGM;-7.77098;110.38317
701;📢PENDAFTARAN FERMAT 2025! 🎡🌟;2025-08-10 14:00:58;️Tanggal: 30 Agustus 2025;Tidak Diketahui;;
702;Hai #SobatRupiah di wilayah DIY!;2025-08-10 08:40:58;10 Agustus 2025 melalui qrisjelajah.id !;Tidak Diketahui;;
703;Udah ulet 🐛 banget kan bos ?;2025-08-10 08:26:10;Tidak Diketahui;Tidak Diketahui;;
704;Hello girls, join with us at Beauty Class Oriflame;2025-08-09 18:56:36;: Minggu, 24 Agustus 2025;Glass House;-7.753389;110.40875
705;𝘽𝘼𝙕𝘼𝙍 𝘽𝙐𝙆𝙐 𝘽𝘼𝘾𝙆 𝙏𝙊 𝘾𝘼𝙈𝙋𝙐𝙎 𝙄𝙎 𝘽𝘼𝘾𝙆! 🎉;2025-08-09 17:53:04;18 – 30 Agustus 2025;Halaman UGM Press;-7.76867;110.37326
706;𝘽𝘼𝙕𝘼𝙍 𝘽𝙐𝙆𝙐 𝘽𝘼𝘾𝙆 𝙏𝙊 𝘾𝘼𝙈𝙋𝙐𝙎 𝙄𝙎 𝘽𝘼𝘾𝙆! 🎉;2025-08-09 17:51:31;18 – 30 Agustus 2025;Halaman UGM Press;-7.76867;110.37326
707;Suka mirror selfie dan pengen afirmasi diri dengan;2025-08-09 15:15:10;31 Agustus 2025;Kolektif Collaboraction Space;-7.755498;110.407983
708;✨[RESMI DIPERPANJANG! PENDAFTARAN DUTA BUDAYA CILI;2025-08-09 14:16:26;Tidak Diketahui;Tidak Diketahui;;
709;[ 🔥✨ THE ACE 2025 IS HERE! ✨🔥 ];2025-08-09 12:10:54;Tidak Diketahui;Tidak Diketahui;;
710;Salam Entrepreneur Indonesia!;2025-08-08 19:20:03;️ 15–16 Agustus 2025;Universitas Mahakarya Asia;-7.7340583;110.3618019
711;🏆 [KOMPETISI 𝙂𝙀𝙈𝙄𝙇𝘼𝙉𝙂 𝘿𝙀𝙎𝘼 2025] 📝;2025-08-08 18:05:27;Tidak Diketahui;Tidak Diketahui;;
712;💍 GEN Z SURUH NIKAH?;2025-08-08 17:12:58;Tidak Diketahui;Zoom;;
713;🎉 EARLY BIRD IS OFFICIALLY OPEN! 🎉;2025-08-08 10:54:26;Sabtu, 29 November 2025;Lapangan Realino;-7.777015;110.400262
714;🎉 EARLY BIRD IS OFFICIALLY OPEN! 🎉;2025-08-08 07:55:00;Sabtu, 29 November 2025;Lapangan Realino;-7.777015;110.400262
715;‼️SOLD OUT‼️Cinematic Yoga in collaboration with @;2025-08-07 19:15:03;Tidak Diketahui;VRTX Modular Indoor Area;-7.7852834;110.3669503
716;Borobudur Fun Run 2025 siap bikin Minggumu lebih a;2025-08-07 18:43:34;Tidak Diketahui;Museum & Kampung Seni Borobudur;-7.607462;110.217355
717;Suka mirror selfie dan pengen afirmasi diri dengan;2025-08-07 17:05:41;31 Agustus 2025;Kolektif Collaboraction Space;-7.755498;110.407983
718;Hallo bestiee-!!;2025-08-07 11:50:29;️ : Minggu, 24 Agustus 2025*;Pakuwon Mall Jogja*;-7.7582388;110.399481
719;📣 *NATIONAL BUSINESS CASE COMPETITION 2025*;2025-08-07 08:27:10;nya dan jadilah bagian dari NBCC 2025!*;Tidak Diketahui;;
720;Let’s romanticize your weekend ✨;2025-08-06 17:36:42;Tidak Diketahui;Bloomery Tamansiswa;-7.808007;110.402636
721;✨[RESMI DIPERPANJANG! PENDAFTARAN DUTA BUDAYA CILI;2025-08-06 13:52:49;Tidak Diketahui;Tidak Diketahui;;
722;YUKKK!!! JOIN DI EVENT SOMETHINC SKINCARE SERUM RO;2025-08-06 12:04:48;Tidak Diketahui;Tidak Diketahui;;
723;Usah paling bener Agustus ini ngekos di Jogja aja;2025-08-05 20:59:02;Tidak Diketahui;Tidak Diketahui;;
724;Ngopi sambil berbagi karya dan cerita? Yuk, gabung;2025-08-05 18:59:34;Tidak Diketahui;Museum Sandi;-7.7846499;110.3710918
725;Siap ambil peran di dunia teknologi?;2025-08-05 17:01:21;Tidak Diketahui;Tidak Diketahui;;
726;🏆 𝗛𝗠𝗗 𝗣𝗜𝗣𝗔 𝗢𝗠𝗘𝗚𝗔 𝟮𝟬𝟮𝟱 𝙋𝙍𝙊𝙐𝘿𝙇𝙔 𝙋𝙍𝙀𝙎𝙀𝙉𝙏 🏆;2025-08-05 15:09:57;Tidak Diketahui;Tidak Diketahui;;
727;🎨𝗜𝗻𝗱𝗲𝗽𝗲𝗻𝗱𝗲𝗻𝗰𝗲 𝗞𝗶𝗱𝘀 𝗖𝗼𝗹𝗼𝗿𝗶𝗻𝗴 bersama 𝗣𝗔𝗦𝗖𝗢𝗟𝗔🎨;2025-08-05 12:26:25;Sabtu, 16 Agustus 2025;Hip Garden;-7.7994193;110.40422
728;*⚽️ MPI FUTSAL CHAMPIONSHIP (MFC) – DIES NATALIS M;2025-08-05 12:25:34;Tidak Diketahui;Tidak Diketahui;;
729;🧘𝗜𝗡𝗗𝗘𝗣𝗘𝗡𝗗𝗘𝗡𝗖𝗘 𝗬𝗢𝗚𝗔 𝗗𝗔𝗬🧘;2025-08-05 12:16:10;Sabtu, 16 Agustus 2025;South Beach;-8.106542;110.297451
730;Hallo Everyone, Haii Curious People‼️;2025-08-03 14:52:10;Tidak Diketahui;Online;-7.8157412;110.351417
731;Hallo bestiee-!!;2025-08-03 11:50:53;️ : Minggu, 24 Agustus 2025*;Pakuwon Mall Jogja*;-7.7582388;110.399481
732;[ NATIONAL COMPETITION IB FEST 9.0 ];2025-08-02 21:34:49;Tidak Diketahui;Tidak Diketahui;;
733;🔊 Kompetisi PPKn Tingkat Nasional 2025 🔊;2025-08-02 21:20:54;22 Juli – 22 Agustus 2025;Tema: Cerdaskan Anak Bangsa;;
734;✨Let's make our eternal flower together;2025-08-02 20:55:29;Tidak Diketahui;RM Timbul Roso;-7.7582388;110.399481
735;𝐋𝐈𝐓𝐄𝐑𝐀𝐊𝐒𝐈 2025 𝐈𝐒 𝐇𝐄𝐑𝐄‼️;2025-08-02 19:59:26;Tidak Diketahui;Tidak Diketahui;;
736;𝗦𝗲𝗺𝗮𝗿𝗮𝗸 𝗞𝗲𝗺𝗲𝗿𝗱𝗲𝗸𝗮𝗮𝗻 𝗱𝗶 𝗪𝗮𝘁𝗲𝗿𝗯𝗼𝗼𝗺 𝗝𝗼𝗴𝗷𝗮🇮🇩🎉;2025-08-02 18:30:00;Sabtu, 16 Agustus 2025;Hip Garden;-7.7994193;110.40422
737;Dalam semangat merayakan perjalanan panjang, karya;2025-08-02 14:28:06;️ : 9 & 10 Agustus 2025;Tidak Diketahui;;
738;Buat facetint bareng @worldoftavi dan lip tint bar;2025-08-01 19:44:36;Tidak Diketahui;Tidak Diketahui;;
739;Wes tak samperin sak Malioboro kok, le…;2025-08-01 16:09:20;2 Agustus;Benteng Nata Dharma;-7.8012646;110.3646857
740;Siap-siap, pencinta K-Food!;2025-08-01 10:55:01;22–24 Agustus 2025;Jogja Expo Center;-7.7994193;110.40422
741;Halo sobat RUMIFest!!✨;2025-08-01 09:32:43;Minggu, 3 Agustus 2025;RUMIFest Creative & Festival;-7.77881;110.387922
742;🚴‍♂️ TOUR DE AMBARRUKMO 2025 — SIAP GOWES!;2025-08-01 08:58:28;Sabtu, 2 Agustus 2025;Start & Finish di Pendopo Ambarrukmo;-7.7817561;110.4013092
743;Semangat pejuang retail 😭✋🏻;2025-07-31 22:55:04;Tidak Diketahui;Tidak Diketahui;;
744;🎉 PENDAFTARAN RESMI DIBUKA!!! 🎉;2025-07-31 19:39:55;Mulai: Sabtu, 19 Juli 2025;Tidak Diketahui;;
745;🧁🎨 Sweet Artistry on Cupcakes🎨;2025-07-30 16:45:44;️ 10 Agustus 2025;Tiga Roepa Coffee & Gallery;-7.753389;110.40875
746;✨NETWORKING SESSION OFFLINE✨;2025-07-30 15:40:14;1 Agustus 2025;Parsley Resto Jogja;-7.77977;110.370258
747;💫 Srikandi 5.0: tampil cantik dan menawan;2025-07-29 21:37:02;Sabtu, 9 Agustus 2025;Loman Park Hotel Yogyakarta;-7.7770173;110.3897898
748;Pameran Furnitur Agrapana di Jogja City Mall sudah;2025-07-29 20:50:47;10 Agustus aja yaa 🧡;Tidak Diketahui;;
749;🏆 BIOLOGY BRAINIAC COMPETITION 2025 IS OFFICIALLY;2025-07-29 20:20:26;melalui link: bit.ly/RegistrasiBrainiacCompetition25;link: bit.ly/RegistrasiBrainiacCompetition25;;
750;✨NETWORKING SESSION OFFLINE✨;2025-07-29 20:14:47;1 Agustus 2025;Parsley Resto Jogja;-7.77977;110.370258
751;Lari lagi bareng Beyond The Miles kali ini di Rene;2025-07-29 20:08:47;Tidak Diketahui;Renea Coffee;-7.6900554;110.4156479
752;✨ Dalam rangka memperingati Hari Anak Nasional 202;2025-07-29 10:29:36;Tidak Diketahui;Tidak Diketahui;;
753;Ketimbang stres mending ke Jamu Joke and Jazz ! 🤩;2025-07-29 00:11:59;Tidak Diketahui;Tidak Diketahui;;
754;🚨Artifical Intelligence (AI) bakal menggantikan de;2025-07-28 19:07:06;Tidak Diketahui;Zoom;;
755;✨NETWORKING SESSION OFFLINE✨;2025-07-28 12:35:46;1 Agustus 2025;Parsley Resto Jogja;-7.77977;110.370258
756;🎨✨ Datang dan Rasakan Sendiri! Pameran Seni Rupa “;2025-07-27 21:11:00;Tidak Diketahui;IndieartHouse;-7.7852834;110.3669503
757;Ternyata dua dua nya ga beres ☠️;2025-07-26 23:19:21;Tidak Diketahui;Tidak Diketahui;;
758;Beli furniture dengan untung berjuta - juta? cuma;2025-07-26 18:58:28;29 Juli - 10 Agustus yaaa! Dengan belanja di pameran, kamu bisa dapetin kartu komisi yang untungnya hingga jutaan lohh 😍 Tunggu apalagi? catat tanggalnya dan kunjungi pamerannya!;Tidak Diketahui;;
759;✨ TENANT ALERT! ✨;2025-07-26 18:53:47;Tidak Diketahui;Polbangtan Yoma;-7.771695;110.3905
760;🎉PENGUNDIAN TABUNGAN TAMASYA PLUS ke 43🎉;2025-07-26 15:38:54;️ Minggu, 27 Juli 2025;Plaza Ambarrukmo - Hall A Lt. 2;-7.7817561;110.4013092
761;Bayangin, dengan cuma 4 ribuan kamu udah bisa nont;2025-07-26 12:35:59;nya: 26 Juli 2025, di Lapangan Pacu Kuda Sultan Agung, Bantul, DIY.;Tidak Diketahui;;
762;Your mat. Your universe. Your glow-up.;2025-07-25 18:27:23;️ Sunday, 03 Agustus 2025;Kharma Villas @kharmavillas;-7.768482;110.372111
763;TOKO BALON & DEKORASI JOGJA @partybubble.id;2025-07-25 18:16:48;Tidak Diketahui;Condongcatur;-7.7550731;110.3994104
764;Berawal dari keinginan untuk memberdayakan petani;2025-07-25 18:15:42;Tidak Diketahui;Tidak Diketahui;;
765;🚨 THE WAIT IS OVER! 🚨;2025-07-25 16:29:52;25–27 Juli 2025;Main Atrium & Alun-Alun Plaza Ambarrukmo;-7.7817561;110.4013092
766;Halooo kakak-kakak semuanyaa🤗❤️. Good news🫶🏻🫶🏻;2025-07-25 14:52:52;: Minggu 27 Juli 2025;Parkiran Michael Kreme🍦;-7.753389;110.40875
767;🎉PENGUNDIAN TABUNGAN TAMASYA PLUS ke 43🎉;2025-07-25 13:00:04;️ Minggu, 27 Juli 2025;Plaza Ambarrukmo - Hall A Lt. 2;-7.7817561;110.4013092
768;"🎨 LOMBA MEWARNAI ""WARNA CERIA ANAK TK BERSAMA ERLA";2025-07-25 09:38:32;Minggu, 27 Juli 2025;Joglo Ambarrukmo;-7.7817561;110.4013092
769;📢 [OPEN REGISTRATION — UGM FC 2025] 📢;2025-07-24 18:07:36;Periode Pendaftaran: 21-27 Juli 2025;Tidak Diketahui;;
770;OMAHINGKUNG KARANGANYAR Cab. Jogja;2025-07-24 18:00:23;Tidak Diketahui;jl. Seturan Raya No 98;-7.767981;110.40422
771;🎉PENGUNDIAN TABUNGAN TAMASYA PLUS ke 43🎉;2025-07-24 17:45:44;️ Minggu, 27 Juli 2025;Plaza Ambarrukmo - Hall A Lt. 2;-7.7817561;110.4013092
772;Yuk meriahkan semi-final piala AFF U-23 dengan nob;2025-07-24 12:55:29;Tidak Diketahui;Tidak Diketahui;;
773;[Open Recruitment Volunteers Lead The Talks Yogyak;2025-07-24 06:36:02;Tidak Diketahui;Tidak Diketahui;;
774;Share ke temen mu yang bau keteknya biadab banget;2025-07-23 20:15:35;Tidak Diketahui;Tidak Diketahui;;
775;Gaji Pas-Pasan?;2025-07-23 19:00:32;Tidak Diketahui;Tidak Diketahui;;
776;HITUNGAN HARI! ❤‍🔥;2025-07-23 18:38:15;nya yaitu tanggal 26 Juli 2025 di Lap. Pacu Kuda Sultan Agung, Bantul, DIY.;-7.8716562;110.370591
777;"🎨 LOMBA MEWARNAI ""WARNA CERIA ANAK TK BERSAMA ERLA";2025-07-23 17:20:34;Minggu, 27 Juli 2025;Joglo Ambarrukmo;-7.7817561;110.4013092
778;Mau cari sofa bagus dengan harga super hemat? ke p;2025-07-23 16:49:22;29 Juli - 10 Agustus aja yaa, lokasinya di Main Atrium Jogja City Mall lantai Ground 😍 Jangan sampai kelewatan pameran dari @agrapanafurniture.jogja yaa!;di Main Atrium Jogja City Mall lantai Ground 😍 Jangan sampai kelewatan pameran dari @agrapanafurniture.jogja yaa!;-7.7534032;110.3604711
779;✨LOMBA HARI ANAK NASIONAL 2025✨;2025-07-22 21:33:40;️ Sabtu, 26 Juli 2025;FIP UNY;-7.771971;110.385750
780;PRESALE 2 TICKETS ARE AVAILABLE! 🎫;2025-07-22 19:46:01;Tidak Diketahui;Tidak Diketahui;;
781;Exhibition Art Of “Gama Metafora”;2025-07-22 17:43:37;️: Rabu, 23 Juli - 27 Juli 2025;JOGJA GALLERY;-7.8029856;110.3659105
782;"🎨 LOMBA MEWARNAI ""WARNA CERIA ANAK TK BERSAMA ERLA";2025-07-22 17:20:02;Minggu, 27 Juli 2025;Joglo Ambarrukmo;-7.7817561;110.4013092
783;《《《 Himpunan Mahasiswa Akuntansi FEB UNY Proudly P;2025-07-22 10:28:23;Tidak Diketahui;seleksi paper dan peserta yang berhasil lolos ke babak main round dan final round mempresentasikan hasil diskusi melalui Zoom Meeting🪄🏆;;
784;🚀 Pengen tau gimana caranya bangun bisnis dari NOL;2025-07-22 09:43:44;️ Tanggal: 23 Agustus 2025;Tempat: Kaktus Coffee;-7.77977;110.370258
785;"🎨 LOMBA MEWARNAI ""WARNA CERIA ANAK TK BERSAMA ERLA";2025-07-21 17:20:35;Minggu, 27 Juli 2025;Joglo Ambarrukmo;-7.7817561;110.4013092
786;KEJUTAN!🔥🔥🔥🔥;2025-07-21 17:00:01;26 Juli 2025 di Lap. Pacu Kuda Sultan Agung!;-7.8716562;110.370591
787;🎨𝗪𝗶𝗱𝘆𝗮𝘁𝗮𝗺𝗮 𝗔𝗿𝘁 𝗙𝗲𝘀𝘁𝗶𝘃𝗮𝗹🎨;2025-07-21 13:59:35;pelaksanaan : 26 Juli 2025;Lokasi : Taman Kota;-7.8012646;110.3646857
788;Hallo bestie aku ada info ni sekarang di @p3z_flor;2025-07-21 12:39:02;Tidak Diketahui;📍Institut Teknologi Yogyakarta kampus 1;-7.8104235;110.3224659
789;#MusicFest2025 di #ObelixHills kembali dengan suas;2025-07-20 18:57:54;Sabtu, 30 Agustus 2025;Obelix Hills (Gmaps Ready;-7.781898;110.395679
790;"🎨 LOMBA MEWARNAI ""WARNA CERIA ANAK TK BERSAMA ERLA";2025-07-20 17:20:07;Minggu, 27 Juli 2025;Joglo Ambarrukmo;-7.7817561;110.4013092
791;*🏆 ✨Lomba Cerdas Cermat Akuntansi (LCCA)✨🏆*;2025-07-20 13:55:45;Tidak Diketahui;LCCA SAC 2025”;;
792;UMKM Jogja, Siap Naik Kelas?🚀;2025-07-20 10:00:52;Rabu, 23 Juli 2025;Kantor Shopee Sahid J-Walk;-7.770158;110.3828823
793;Buat kamu yang suka praktek langsung daripada cuma;2025-07-19 21:33:25;19 Juli 2025;PDIN Jogja;-7.7821208;110.372557
794;🚀 Pengen tau gimana caranya bangun bisnis dari NOL;2025-07-19 15:21:43;️ Tanggal: 23 Agustus 2025;Tempat: Kaktus Coffee;-7.77977;110.370258
795;˙✧˖°SPOTLITERATURE𖥔˚;2025-07-18 22:02:22;Tidak Diketahui;Tidak Diketahui;;
796;Kalian cari tempat biliar tengah kota Jogja? Bisa;2025-07-18 19:24:42;Tidak Diketahui;Jl. Ipda Tut Harsono No. 169;-7.7852834;110.3669503
797;PENDAFTARAN DIPERPANJANG! 📣📣;2025-07-18 18:33:31;Tidak Diketahui;Tidak Diketahui;;
798;📸✨ Fazco Event presents:;2025-07-18 18:31:52;Sabtu, 26 Juli 2025 – Seribu Batu Songgo Langit;2 Tema Estetik di Lokasi Ikonik:;-7.848821;110.158327
799;✨ FUN GLOW HOLIDAY : Mom & Kids Activities! ✨;2025-07-18 18:29:20;️ Minggu, 03 Agustus 2025;MS GLOW Aesthetic Clinic Yogyakarta;-7.77098;110.38317
800;UMKM Jogja, Siap Naik Kelas?🚀;2025-07-18 17:00:29;Rabu, 23 Juli 2025;Kantor Shopee Sahid J-Walk;-7.770158;110.3828823
801;GAK HARUS jadi arsitek buat bisa ikut. GAK HARUS j;2025-07-18 16:30:02;19 Juli 2025;PDIN Jogja;-7.7821208;110.372557
802;Hallo bestie aku ada info ni sekarang di @p3z_flor;2025-07-18 14:38:22;Tidak Diketahui;📍Institut Teknologi Yogyakarta kampus 1;-7.8104235;110.3224659
803;Bikin lip & parfume holder yuk 🌸;2025-07-18 08:00:23;Tidak Diketahui;Tidak Diketahui;;
804;Yogyakarta, siap seru-seruan? 🎶 Jangan lewatkan In;2025-07-17 19:31:01;19-20 Juli 2025;Mandala Krida;-7.7959035;110.3843298
805;Kelas membatik yang bakal diajarin step by step da;2025-07-17 17:30:07;Tidak Diketahui;Tidak Diketahui;;
806;Buat kamu yang kerja di bidang konstruksi, desain,;2025-07-17 16:30:23;19 Juli 2025;PDIN Jogja;-7.7821208;110.372557
807;MAU MAHIR PUBLIC SPEAKING DAN BACA AL-QUR'AN?;2025-07-17 14:31:52;Tidak Diketahui;pranala berikut: bit.ly/PendaftaranSAMBARIII2025;;
808;[ GLORY ESPORT TOURNAMENT #7 ];2025-07-17 12:40:51;️ • Sabtu 26 Juli 2025,;•Glory Esport Berbah;-7.7994193;110.40422
809;Ga jadi pergi, malah gamon 🥲;2025-07-16 20:40:06;Tidak Diketahui;Tidak Diketahui;;
810;UMKM Jogja, Siap Naik Kelas?🚀;2025-07-16 19:00:03;Rabu, 23 Juli 2025;Kantor Shopee Sahid J-Walk;-7.770158;110.3828823
811;SEMARANG ✅;2025-07-16 16:00:07;19 Juli 2025;PDIN Jogja;-7.7821208;110.372557
812;*Hello Mates!!🤩🙌🏻*;2025-07-16 14:24:11;️: Sabtu, 19 Juli 2025;Zoom;;
813;Hallo bestie aku ada info ni sekarang di @p3z_flor;2025-07-16 14:17:57;Tidak Diketahui;📍Institut Teknologi Yogyakarta kampus 1;-7.8104235;110.3224659
814;💥 YES! Mencetak Senja Vol.3 is back 💥;2025-07-16 12:00:51;Tidak Diketahui;Parkir Indoor Transmart Maguwo;-7.766786;110.432049
815;NGAKNGIKNGOK bukan hanya sekadar konser, tapi ruan;2025-07-16 10:49:12;Tidak Diketahui;Tidak Diketahui;;
816;Saatnya kamu buktiin sendiri warga Jogja! 🫵;2025-07-15 19:23:53;19 Juli 2025;PDIN Jogja;-7.7821208;110.372557
817;✨ GET THE GLOW BEAUTY 2025 ✨;2025-07-15 18:23:19;Minggu, 27 Juli 2025;Lokasi : Regrantris Malioboro Hotel;-7.79477;110.36382
818;Ini dia yang paling ditunggu-tunggu! Pendaftaran G;2025-07-15 17:15:18;2 & 3 Agustus 2025, 08:00 - 18:00;Kota Yogyakarta;-7.8012646;110.3646857
819;🚀 Pengen tau gimana caranya bangun bisnis dari NOL;2025-07-15 15:26:54;️ Tanggal: 23 Agustus 2025;Tempat: Kaktus Coffee;-7.77977;110.370258
820;⚽🌊 OPEN REGISTRATION ALERT! 🌊⚽;2025-07-15 12:30:23;Tidak Diketahui;Tidak Diketahui;;
821;🌸 Join Us for a Special Flower Arrangement Class!;2025-07-15 09:16:46;Date: July 27, 2025;Location: Kangen Boutique Hotel;-7.79477;110.36382
822;Warung hidden gems daerah maguwoharjo, lokasi nya;2025-07-14 21:04:01;Tidak Diketahui;Tidak Diketahui;;
823;📍SATU DEKADE FESTIVAL ANGON BOCAH & PASAR WUTAH KA;2025-07-14 19:07:31;Sabtu, 19 Juli 2025 - Minggu, 20 Juli 2025;SATU DEKADE FESTIVAL ANGON BOCAH & PASAR WUTAH KAMPUNG DEMAKAN📍;-7.8012646;110.3646857
824;JEMPOLAN SUMMER SLAY VOL.2 IS BACK!;2025-07-14 19:00:30;Tidak Diketahui;Jempolan Coffee;-7.770158;110.3828823
825;Yuk meriahkan piala AFF U-23 dengan nobar gratia d;2025-07-14 18:54:08;Tidak Diketahui;Tidak Diketahui;;
826;🚨UNDANGAN TERBUKA🚨;2025-07-14 17:48:31;: Pembukaan - 20 Juli 2025;Yunisa Gallery;-7.795101;110.363941
827;🔊 Hallo warga jogjaaa.....;2025-07-14 11:45:45;Tidak Diketahui;Tidak Diketahui;;
828;Yogyakarta, siap seru-seruan? 🎶 Jangan lewatkan In;2025-07-14 09:14:17;19-20 Juli 2025;Mandala Krida;-7.7959035;110.3843298
829;‼️REVIEW‼️;2025-07-14 08:49:11;Tidak Diketahui;ada di Ngaglik;-7.70582;110.39707
830;Kamu suka ngopi?;2025-07-13 18:25:56;24 Agustus 2025;Waroeng Belik Jogja;-7.70582;110.39707
831;Yuk intip keseruan Vilas Palagan Fun Bike tadi pag;2025-07-13 17:20:28;Tidak Diketahui;Tidak Diketahui;;
832;TEXTURE 2025 PROUDLY PRESENT;2025-07-13 16:10:57;️ : 12 Juli - 15 Juli 2024;Online;-7.8157412;110.351417
833;*SMA NEGERI 1 GAMPING PROUDLY PRESENT*;2025-07-13 07:27:42;Tidak Diketahui;SMA Negeri 1 Gamping;-7.7959035;110.3843298
834;Last call, Moms to be!;2025-07-12 17:52:46;Tidak Diketahui;Tidak Diketahui;;
835;🏆 𝐍𝐀𝐓𝐈𝐎𝐍𝐀𝐋 𝐁𝐈𝐎𝐋𝐎𝐆𝐘 𝐂𝐎𝐌𝐏𝐄𝐓𝐈𝐓𝐈𝐎𝐍 (𝐁'𝐂𝐎𝐌𝐄) 𝟐𝟎𝟐𝟓 🏆;2025-07-12 16:42:18;Tidak Diketahui;Tidak Diketahui;;
836;Antangin Tour de Ambarrukmo 2025;2025-07-12 15:43:27;31 Juli - 1 Agustus di Area Race Village Main Atrium Plaza Ambarrukmo, semua peserta akan mendapatkan Exclusive Jersey.;Tidak Diketahui;;
837;🚨 *EXTENDED LITERA NUSANTARA* 🚨;2025-07-12 15:36:07;Tidak Diketahui;Tidak Diketahui;;
838;🌟 Modeling Award 2025: SERENDIPITY 🌟;2025-07-12 09:59:26;Minggu, 13 Juli 2025;Atrium Rama – Sleman City Hall;-7.7534032;110.3604711
839;Yogyakarta, siap seru-seruan? 🎶 Jangan lewatkan In;2025-07-11 20:01:54;19-20 Juli 2025;Mandala Krida;-7.7959035;110.3843298
840;📢 𝗨𝗠𝗞𝗠 𝗡𝗔𝗜𝗞 𝗞𝗘𝗟𝗔𝗦;2025-07-11 19:00:12;️ Senin, 14 Juli 2025;Ruko Bayeman Permai No 12;-7.7933462;110.3666637
841;✨BARISTA CLASS BY PERSONALITY KOPI✨;2025-07-11 17:31:24;Tidak Diketahui;Tidak Diketahui;;
842;Halooo kakak-kakak semuanyaa🤗❤️. Good news🫶🏻🫶🏻;2025-07-11 13:44:16;: Minggu 13 Juli 2025;Parkiran Michael Kreme🍦;-7.753389;110.40875
843;🗣️ *SOULTRAPRIMA IS BACK*‼️🤩;2025-07-11 12:31:42;Tidak Diketahui;Tidak Diketahui;;
844;🌼 WORKSHOP MERONCE MELATI 🌼;2025-07-10 19:54:36;Minggu, 20 Juli 2025;Anggrek Astuti Jogja;-7.755498;110.407983
845;SMM 22 Yogyakarta Present, Farewell Concert 2025;2025-07-10 19:03:27;26 Juli 2025;Auditorium SMM Yogyakarta;-7.771235;110.387994
846;🚴‍♀️ Siap gowes bareng?;2025-07-10 18:57:52;Minggu, 13 Juli 2025;Start & Finish: Vilas Palagan;-7.7252141;110.3807534
847;📣 Lomba Foto Balita 2025 resmi dibuka! 🎉;2025-07-10 17:31:09;Tidak Diketahui;Tidak Diketahui;;
848;Liburan sekolah anti boring? Ikut SUSHI ROLLING CL;2025-07-10 16:12:40;Tidak Diketahui;Garden Area - Crystal Lotus Hotel Yogyakarta;-7.781898;110.380481
849;🩸Darahmu, penyelamat mereka🩸;2025-07-10 13:01:19;Sabtu, 12 Juli 2025;Hall Malioboro Mall (Lantai 2;-7.7933462;110.3666637
850;Banyak cerita dan memori yang dibawa anak setelah;2025-07-10 10:07:03;Tidak Diketahui;Tidak Diketahui;;
851;@batassenjaofficial bakal ikut meramaikan panggung;2025-07-09 20:06:31;9 Juli 2025!;Tidak Diketahui;;
852;🏅 *NATIONAL PHYSICS COMPETITION XXVIII*🏅;2025-07-09 18:49:17;Tidak Diketahui;Tidak Diketahui;;
853;Salam Pramuka⚜️;2025-07-09 15:28:25;Tidak Diketahui;Tidak Diketahui;;
854;Yogyakarta, siap seru-seruan? 🎶 Jangan lewatkan In;2025-07-08 17:33:45;19-20 Juli 2025;Mandala Krida;-7.7959035;110.3843298
855;Liburan sekolah anti boring? Ikut SUSHI ROLLING CL;2025-07-08 15:00:23;Tidak Diketahui;Garden Area - Crystal Lotus Hotel Yogyakarta;-7.781898;110.380481
856;📣 UNDANGAN TERBUKA KHUSUS UNTUK KAMU! 📣;2025-07-08 13:10:23;Tidak Diketahui;Online;-7.8157412;110.351417
857;🔊 Hallo warga jogjaaa.....;2025-07-07 19:48:23;Tidak Diketahui;Tidak Diketahui;;
858;🩸Darahmu, penyelamat mereka🩸;2025-07-07 18:00:54;Sabtu, 12 Juli 2025;Hall Malioboro Mall (Lantai 2;-7.7933462;110.3666637
859;📸 FOTOGRAFI CAMPOERSENI PROUDLY PRESENT 📸;2025-07-07 16:28:28;Tidak Diketahui;Loc : Teras Malioboro 1 lantai 3;-7.798696;110.3643341
860;MUSIM LIBURAN TELAH TIBA🙌😆;2025-07-07 13:45:57;️Sabtu, 12 Juli 2025;Wisdom Park UGM;-7.770158;110.3828823
861;🔊 Hallo warga jogjaaa.....;2025-07-07 11:45:01;Tidak Diketahui;Tidak Diketahui;;
862;JEMPOLAN SUMMER SLAY VOL.2 IS BACK!;2025-07-06 21:47:59;Tidak Diketahui;Jempolan Coffee;-7.770158;110.3828823
863;🎌 *𝘑𝘈𝘗𝘈𝘕 𝘑𝘖𝘉 𝘍𝘈𝘐𝘙 2025*;2025-07-06 19:41:09;Tidak Diketahui;*𝘓𝘰𝘬𝘢𝘴𝘪 & 𝘛𝘢𝘯𝘨𝘨𝘢𝘭*;-7.9778384;110.3672257
864;It’s Barre & Beyond Vol 3!;2025-07-06 19:37:36;Monday, 7 July 2025;Modular Room – VRTX Compound Space;-7.7852834;110.3669503
865;Liburan sekolah anti boring? Ikut SUSHI ROLLING CL;2025-07-06 18:17:01;Tidak Diketahui;Garden Area - Crystal Lotus Hotel Yogyakarta;-7.781898;110.380481
866;☕✨ Dari hobi ngopi bisa jadi cuan! ✨☕;2025-07-06 13:00:14;Tanggal: 19 Juli 2025;Tempat: Joglo Waroeng Belik;-7.70582;110.39707
867;Hello girls, join with us at Beauty Class Oriflame;2025-07-06 11:25:46;: Sabtu, 12 Juli 2025;Glass House;-7.753389;110.40875
868;🎌 *𝘑𝘈𝘗𝘈𝘕 𝘑𝘖𝘉 𝘍𝘈𝘐𝘙 2025*;2025-07-05 20:19:19;Tidak Diketahui;*𝘓𝘰𝘬𝘢𝘴𝘪 & 𝘛𝘢𝘯𝘨𝘨𝘢𝘭*;-7.9778384;110.3672257
869;Telah dibuka! 📢;2025-07-05 20:15:55;Tanggal : Selasa, 8 Juli 2025;2025;-7.8012646;110.3646857
870;🌟 TAWA AKHIR SEMESTER 🌟;2025-07-05 20:14:26;08 Juli 2025;Sleman City Hall;-7.7534032;110.3604711
871;🌱 Open Recruitment – Wana Asmara Jogja 🌱;2025-07-05 18:10:16;Pendaftaran dibuka sampai: 7 Juli 2025;Tidak Diketahui;;
872;🎨 Paint it Out!;2025-07-05 15:54:40;️ Friday, 18 July 2025;Online;-7.8157412;110.351417
873;✨SHOLAWAT KEBANGSAAN 2025 ✨;2025-07-05 15:00:27;Sabtu, 5 Juli 2025;Lapangan Trimulyo;-7.8104235;110.3224659
874;Liburan sekolah anti boring? Ikut SUSHI ROLLING CL;2025-07-05 13:24:45;Tidak Diketahui;Garden Area - Crystal Lotus Hotel Yogyakarta;-7.781898;110.380481
875;📢[[𝗙𝗢𝗥𝗠𝗔𝗦𝗗𝗔 𝗨𝗡𝗘𝗦𝗔 𝗣𝗥𝗢𝗨𝗗𝗟𝗬 𝗣𝗥𝗘𝗦𝗘𝗡𝗧]];2025-07-05 10:06:52;Tidak Diketahui;Tidak Diketahui;;
876;HiLo Strong Fest datang spesial buat kamu yang mau;2025-07-05 09:24:35;**Minggu, 6 Juli 2025**;**Atrium Lippo Plaza Jogja**;-7.784055;110.3906457
877;🏆UNY SPORT CHAMPIONSHIP 2025!🏆;2025-07-04 20:45:02;Tidak Diketahui;Pembayaran langsung di tempat (on the spot;;
878;Yipiii, liburan tiba! 🥳;2025-07-04 20:16:24;Tidak Diketahui;Tidak Diketahui;;
879;✨𝑮𝒍𝒂𝒅𝒉𝒊 𝑴𝒂𝒅𝒚𝒂 𝟐𝟎𝟐𝟓: 𝑮𝒖𝒎𝒓𝒆𝒈𝒂𝒉 𝑲𝒂𝒓𝒚𝒂 𝑩𝒖𝒅𝒂𝒚𝒂✨;2025-07-04 19:57:33;Tanggal: 5 Juli 2025;Tandai kalendermu:;;
880;DAHANA PRAMODA mengundang saudara/i sekalian untuk;2025-07-04 19:30:58;Minggu, 06 Juli 2025;Jogja Cozy Space;-7.771695;110.3905
881;🌱 Open Recruitment – Wana Asmara Jogja 🌱;2025-07-04 18:00:42;Pendaftaran dibuka sampai: 7 Juli 2025;Tidak Diketahui;;
882;HiLo Strong Fest datang spesial buat kamu yang mau;2025-07-04 13:19:22;**Minggu, 6 Juli 2025**;**Atrium Lippo Plaza Jogja**;-7.784055;110.3906457
883;✨ BREAK THE SILENCE! ✨;2025-07-04 12:43:48;️ Sabtu, 19 Juli 2025;Aula Fakultas Bisnis & Ekonomika UII;-7.728867;110.41355
884;✨🎉 Mini Dance Show 2025 proudly presents 🎉✨;2025-07-04 11:24:53;Senin, 07 Juli 2025;Taman Budaya Yogyakarta – Societe Militare;-7.800063;110.364421
885;*📢 (CMS) CAPITAL MARKET SEMINAR INFINITY 2025 📢*;2025-07-04 10:57:28;Tidak Diketahui;*Kampus UMY. Ruang Amphitheater Gd. Djarnawi Hadikusuma E8 Lt. 5*;-7.8104235;110.3224659
886;HiLo Strong Fest datang spesial buat kamu yang mau;2025-07-03 18:32:15;**Minggu, 6 Juli 2025**;**Atrium Lippo Plaza Jogja**;-7.784055;110.3906457
887;🎌 *𝘑𝘈𝘗𝘈𝘕 𝘑𝘖𝘉 𝘍𝘈𝘐𝘙 2025*;2025-07-03 16:42:47;Tidak Diketahui;*𝘓𝘰𝘬𝘢𝘴𝘪 & 𝘛𝘢𝘯𝘨𝘨𝘢𝘭*;-7.9778384;110.3672257
888;💻📜 𝐎𝐏𝐄𝐍 𝐑𝐄𝐆𝐈𝐒𝐓𝐑𝐀𝐓𝐈𝐎𝐍 𝐆𝐀𝐌𝐀𝐒𝐑𝐈 𝟐𝟎𝟐𝟓 📜💻;2025-07-03 16:07:41;️ Sabtu, 5 Juli 2025;Online;-7.8157412;110.351417
889;[RUNDOWN];2025-07-03 15:07:50;4, 5, 6 July 2025.;di Kawasan Candi Prambanan.;-7.752317;110.407767
890;Liburan sekolah anti boring? Ikut SUSHI ROLLING CL;2025-07-03 14:05:55;Tidak Diketahui;Garden Area - Crystal Lotus Hotel Yogyakarta;-7.781898;110.380481
891;📣 Lomba Foto Balita 2025 resmi dibuka! 🎉;2025-07-03 11:21:18;Tidak Diketahui;Tidak Diketahui;;
892;[Psstt.. siapa aja penyanyi-penyanyi yang akan tam;2025-07-03 10:29:23;4, 5, 6 July 2025 di Kawasan Candi Prambanan;Tidak Diketahui;;
893;✨ Discover AI's impact on education! ✨;2025-07-03 09:30:53;️ Thursday, July 10, 2025;Located at: American Corner at Muhammadiyah University of Yogyakarta;-7.8104235;110.3224659
894;🩸Darahmu, penyelamat mereka🩸;2025-07-02 19:50:35;Sabtu, 12 Juli 2025;Hall Malioboro Mall (Lantai 2;-7.7933462;110.3666637
895;📢 VOKAFORIA 2025 📢;2025-07-02 19:15:42;Tidak Diketahui;Tidak Diketahui;;
896;Halloo Cees 🙌;2025-07-02 18:45:43;️ Minggu, 13 Juli 2025;Kampus IV UAD;-7.8104235;110.3224659
897;🎥OPEN RECRUITMENT FILM PENDEK SUDUT AMAN 2025!;2025-07-02 18:23:54;Recruitment Period: 1-5 Juli 2025;Tidak Diketahui;;
898;🔭 𝐍𝐀𝐓𝐈𝐎𝐍𝐀𝐋 𝐖𝐄𝐁𝐈𝐍𝐀𝐑 𝐄𝐃𝐒𝐀 𝟐𝟎𝟐𝟓 🔭;2025-07-02 18:17:10;Sabtu, 12 Juli 2025;Online;-7.8157412;110.351417
899;Siap-siapp, penyanyi internasional dan nasional ak;2025-07-02 17:30:00;Tidak Diketahui;Tidak Diketahui;;
900;[Sebelas Selaras];2025-07-02 17:21:11;4, 5, 6 Juli.;Tidak Diketahui;;
901;[Ticket on Sale];2025-07-02 17:17:30;4, 5, 6 July di kawasan Candi Prambanan, kamu bisa beli tiketnya di Traveloka.;Tidak Diketahui;;
902;🎌 *𝘑𝘈𝘗𝘈𝘕 𝘑𝘖𝘉 𝘍𝘈𝘐𝘙 2025*;2025-07-02 12:02:45;Tidak Diketahui;*𝘓𝘰𝘬𝘢𝘴𝘪 & 𝘛𝘢𝘯𝘨𝘨𝘢𝘭*;-7.9778384;110.3672257
903;HiLo Strong Fest datang spesial buat kamu yang mau;2025-07-02 11:05:33;**Minggu, 6 Juli 2025**;**Atrium Lippo Plaza Jogja**;-7.784055;110.3906457
904;Warga Jogja ayo gowes bareng di kawasan jalan Pala;2025-07-01 19:04:35;Minggu, 13 Juli 2025;Start/Finish : VILAS PALAGAN YOGYAKARTA;-7.7252141;110.3807534
905;HiLo Strong Fest datang spesial buat kamu yang mau;2025-07-01 17:06:36;**Minggu, 6 Juli 2025**;**Atrium Lippo Plaza Jogja**;-7.784055;110.3906457
906;📣 WORKSHOP ALERT!;2025-07-01 13:04:08;26 Juli 2025;Lokasi: Coday Coffee;-7.78521;110.370353
907;Keseruan acara Kyodai Remittance hari Minggu tangg;2025-07-01 09:42:12;30 Juli 2025 🤩;Tidak Diketahui;;
908;📢 *OPEN REGISTRATION – TURNAMEN MOBILE LEGENDS*🕹️;2025-06-30 18:45:36;Pendaftaran dibuka: *14 Juni 2025*;Lokasi: *G-Spot;;
909;݁ ˖⊹ ࣪ Pagelaran Tunggal 2025 ⛵️ ⋆｡𖦹 ˚ 𓇼 ˚｡⋆;2025-06-30 17:24:49;Tidak Diketahui;𝗣𝗲𝗿𝗳𝗼𝗿𝗺𝗮𝗻𝗰𝗲 𝗛𝗮𝗹𝗹;-7.9778384;110.3672257
910;⚠️ Warning: acara ini tidak menyembuhkan luka bati;2025-06-30 17:00:54;Tidak Diketahui;12 Juli 2025 | JAWIR SPACE YOGYAKARTA;-7.77977;110.370258
911;🌱 Open Recruitment – Wana Asmara Jogja🌱;2025-06-30 15:02:01;Pendaftaran dibuka sampai: 7 Juli 2025;Tidak Diketahui;;
912;{ PAMERAN BESAR ROSALBA ✨ };2025-06-29 11:00:38;Tidak Diketahui;at SAC Art Space;-7.801646;110.378954
913;"📸 ""Manusia dan Musim Kecilnya"" — Pameran Fotografi";2025-06-29 09:20:56;️ 4 – 6 Juli 2025;Galeri Lorong;-7.819686;110.3433389
914;🌾🔥 *FesDolPan 2025 – Serunya Dolanan Tradisional &;2025-06-28 20:59:02;Tidak Diketahui;Bukit Bawang Merah;-7.6877899;110.4149563
915;Saatnya para roaster unjuk gigi dan menunjukkan sk;2025-06-28 18:00:38;Tanggal: 5 - 7 September 2025;Lokasi: At Jogja Expo Center Hall B & C;-7.7994193;110.40422
916;Hello girls, join with us at Beauty Class Oriflame;2025-06-28 17:08:38;: Sabtu, 12 Juli 2025;Glass House;-7.753389;110.40875
917;📢 *OPEN REGISTRATION – TURNAMEN MOBILE LEGENDS*🕹️;2025-06-28 13:23:06;Pendaftaran dibuka: *14 Juni 2025*;Lokasi: *G-Spot;;
918;📣 Lomba Foto Balita 2025 resmi dibuka! 🎉;2025-06-27 19:32:20;Tidak Diketahui;Tidak Diketahui;;
919;🐾 PAWTY TIME 🎉;2025-06-27 17:01:23;Tidak Diketahui;Balcos.co;-7.7852834;110.3669503
920;🎬 OPEN REGISTRATION WORKSHOP 🎤;2025-06-27 16:13:55;Tidak Diketahui;Ruang Citra 2;;
921;English Literature UNRIYO presents:;2025-06-27 15:01:36;Tidak Diketahui;July 5th;;
922;. ݁₊ ⊹ 𝐻𝐴𝐿𝐿𝑂 𝑆𝑂𝐵𝐴𝑇 𝑆𝐸𝑀𝑈𝐴 ⊹ ₊ ݁.;2025-06-27 10:46:50;Tidak Diketahui;Tidak Diketahui;;
923;🦚𝐂𝐀𝐋𝐋𝐈𝐍𝐆 𝐎𝐔𝐓 𝐒𝐏𝐎𝐍𝐒𝐎𝐑𝐒🦚;2025-06-27 10:26:30;Tidak Diketahui;Tidak Diketahui;;
924;🔬 HIMPUNAN MAHASISWA JURUSAN TEKNOLOGI LABORATORIU;2025-06-27 10:18:29;️ Pendaftaran Gelombang 2 hingga 10 Juli 2025;Tidak Diketahui;;
925;Hai, Teman Kreatif Yogyakarta!;2025-06-27 10:02:23;Tidak Diketahui;Tidak Diketahui;;
926;BARRE INTENSITY bersama Teacher Patris di acara WE;2025-06-26 18:19:54;Tidak Diketahui;Tidak Diketahui;;
927;TOEFL ITP? Nggak perlu mahal, nggak perlu nunggu l;2025-06-26 16:59:29;Tidak Diketahui;Online;-7.8157412;110.351417
928;🔊 Hallo warga jogjaaa.....;2025-06-26 13:20:31;Tidak Diketahui;Tidak Diketahui;;
929;Pelatihan K3 Kebakaran Hadir di Yogyakarta! [Terbu;2025-06-25 21:35:40;Kamis-Jum’at, 26 - 27 Juni 2025;Zoom Meeting;;
930;Dalam rangka merayakan 5th Anniversary, Papabouque;2025-06-25 21:04:54;6 Juli 2025;A&M Co. Jogja;-7.7805558;110.3673282
931;🥹 Ga nyangka bisa ngerasain pertunjukan se-memorab;2025-06-25 20:17:41;24 & 26 Juni 2025;Taman Budaya Embung Giwangan;-7.828882;110.384232
932;*[ 🎙️TALKSHOW: CUANwithNGONTEN*;2025-06-25 19:42:13;Tidak Diketahui;Soeltan Cafe And Eatery;-7.77977;110.370258
933;📢*PENDAFTARAN NAGARI BERKOMPETISI 2025 RESMI DIBUK;2025-06-25 17:47:52;Tidak Diketahui;Tidak Diketahui;;
934;🚨 Calling All Bikers!;2025-06-25 16:16:40;6 Juli 2025;Rambat Coffee and Space;-7.817109;110.374246
935;THE FULL LINEUP IS FINALLY HERE! 🎉;2025-06-25 16:14:11;Tidak Diketahui;Tidak Diketahui;;
936;🌾🔥 *FesDolPan 2025 – Serunya Dolanan Tradisional &;2025-06-24 20:02:27;Tidak Diketahui;Bukit Bawang Merah;-7.6877899;110.4149563
937;Main Game Makin Lancar, Banyak Bonus Bertebaran!;2025-06-24 19:30:20;Tidak Diketahui;Tidak Diketahui;;
938;Pelatihan K3 Kebakaran Hadir di Yogyakarta! [Terbu;2025-06-24 18:34:02;Kamis-Jum’at, 26 - 27 Juni 2025;Zoom Meeting;;
939;🎭 Jogja, selain Malioboro, ada apa sih?;2025-06-24 18:26:51;24 & 26 Juni 2025;Taman Budaya Embung Giwangan;-7.828882;110.384232
940;Tingkatkan produktivitas bisnismu dengan koneksi s;2025-06-24 16:44:32;Tidak Diketahui;Tidak Diketahui;;
941;Konnichiwa minna san! 😊🙌;2025-06-24 11:30:57;Tidak Diketahui;Societeit Militaire;-7.800063;110.364421
942;“Lewat harmoni yang kami lantunkan, terselip rasa,;2025-06-23 18:48:37;Tidak Diketahui;Tidak Diketahui;;
943;Mandiri Jogja Marathon 2025;2025-06-23 18:21:18;22 Juni 2025.;Tidak Diketahui;;
944;Ring, ring! Adventure’s calling!;2025-06-23 17:20:35;Tidak Diketahui;Tidak Diketahui;;
945;Pelanggan Lebih Nyaman, Bisnis Makin Cuan!;2025-06-23 16:54:15;Tidak Diketahui;Tidak Diketahui;;
946;✨ PASAMARAN: Seri Diskusi Seni Patung #2;2025-06-23 16:43:32;Tidak Diketahui;Tidak Diketahui;;
947;✨[OPEN REGISTRASI BUWACA SATWIKA 4TH]✨;2025-06-23 15:16:41;Tidak Diketahui;Tidak Diketahui;;
948;Learning English is so much fun! 🎉 We don’t just l;2025-06-23 14:34:52;Tidak Diketahui;Tidak Diketahui;;
949;✨ PSM CHIARA CANZONE CHOIR PROUDLY PRESENTS ✨;2025-06-23 12:06:04;Pendaftaran: 06 Juni – 05 Juli 2025;Tidak Diketahui;;
950;🥹 Ga nyangka bisa ngerasain pertunjukan se-memorab;2025-06-23 11:37:07;24 & 26 Juni 2025;Taman Budaya Embung Giwangan;-7.828882;110.384232
951;Sekarang, muterin Jogja cuma keluar Rp7.000 doang!;2025-06-23 09:50:18;Tidak Diketahui;Tidak Diketahui;;
952;Bisnis Makin Eksis dengan berbagai fitur menarik d;2025-06-22 21:03:53;Tidak Diketahui;Tidak Diketahui;;
953;Its Carnival Time !!!! 🎳🕺💃🥁✨;2025-06-22 19:55:37;Tidak Diketahui;Grand Atrium;-7.753389;110.40875
954;Tingkatkan aktivitas bisnismu dengan Indibiz! Pili;2025-06-22 17:56:51;Tidak Diketahui;Tidak Diketahui;;
955;MERCHITECTURE 2025 IS OFFICIALLY ON!;2025-06-22 17:45:20;Tidak Diketahui;21 Juni 2025 | Gedung Dekranasda;-7.773822;110.418413
956;🎓✨ HMPWK UTY Proudly Present ✨🎓;2025-06-22 17:04:53;Tidak Diketahui;Tidak Diketahui;;
957;Hallo Bestt 👋🏻;2025-06-22 16:50:19;2, 3, dan 4 Juli 2025 di Hall Lt.1 Kampus 4 UAD Yogyakarta, mimin tunggu kehadiran teman-teman semua yaaa 🤩👋🏻;Tidak Diketahui;;
958;🕹️🎮 [𝐀𝐑𝐄𝐍𝐀 𝐅𝐄𝐒𝐓 𝐔𝐌𝐘 𝟐𝟎𝟐𝟓] 🎮🕹️;2025-06-22 16:46:34;️ Pendaftaran: 15 Juni - 27 Juni;Tempat: Sleman City Hall;-7.7534032;110.3604711
959;Liburan Seru, Belajar Seru!;2025-06-22 16:25:18;Tidak Diketahui;Tidak Diketahui;;
960;🌾🔥 *FesDolPan 2025 – Serunya Dolanan Tradisional &;2025-06-22 16:19:12;Tidak Diketahui;Bukit Bawang Merah;-7.6877899;110.4149563
961;Hello girls, join with us at Beauty Class Oriflame;2025-06-22 15:50:27;: Sabtu, 12 Juli 2025;Glass House;-7.753389;110.40875
962;Optimalkan kinerja jaringan dan produktivitas bisn;2025-06-22 11:27:37;Tidak Diketahui;Tidak Diketahui;;
963;[*SPINE 2025 (_Scoliosis and Back Pain Interventio;2025-06-21 18:32:14;*Sabtu, 26 Juli 2025*;Joglo GIK UGM;-7.7733154;110.3761744
964;Kelola manajemen sistem informasi dan pembelajaran;2025-06-21 18:11:53;Tidak Diketahui;Tidak Diketahui;;
965;🎬 Pernah ngerasa punya cerita keren tapi bingung g;2025-06-21 15:00:24;Rabu, 25 Juni 2025;Sekolah Tinggi Multi Media (STMM;-7.752317;110.407767
966;Pernah merasa idemu mandek karena gak bisa visuali;2025-06-21 15:00:22;Rabu, 25 Juni 2025;Sekolah Tinggi Multi Media (STMM;-7.752317;110.407767
967;Streaming makin lancar di WiFi Corner! Dengan laya;2025-06-21 13:55:10;Tidak Diketahui;Tidak Diketahui;;
968;📢 OPEN REGISTRATION FISOLYMPIC 2025 📢;2025-06-21 12:04:28;Tanggal Pendaftaran: 2 Juni-25 Juni 2025;Tidak Diketahui;;
969;🧹 𝐒𝐌𝐀 𝐍 𝟐 𝐘𝐨𝐠𝐲𝐚𝐤𝐚𝐫𝐭𝐚 𝐏𝐫𝐨𝐮𝐝𝐥𝐲 𝐏𝐫𝐞𝐬𝐞𝐧𝐭 ⚡️;2025-06-21 11:24:38;️ 06 - 11 June 2025*;Tidak Diketahui;;
970;🎻✨ 𝐅𝐎𝐑𝐓𝐄 𝐘𝐨𝐠𝐲𝐚𝐤𝐚𝐫𝐭𝐚 𝐩𝐫𝐨𝐮𝐝𝐥𝐲 𝐩𝐫𝐞𝐬𝐞𝐧𝐭𝐬:;2025-06-21 11:17:22;Sunday, June 30, 2025;FBS UNY;-7.771971;110.385750
971;✨ Mindful weekend is calling…;2025-06-20 18:04:57;Tidak Diketahui;Ndalem Yudonegoran;-7.807869;110.363155
972;Hallo semuanya👋🏻;2025-06-20 17:00:01;Minggu, 29 Juni 2025;Amphitarium Kampus 4 Universitas Ahmad Dahlan;-7.8104235;110.3224659
973;Liburan Seru, Belajar Seru!;2025-06-20 16:43:51;Tidak Diketahui;Tidak Diketahui;;
974;📢 *[PEKAN MULTIMEDIA 2025]*📢;2025-06-20 16:40:06;️ Sabtu, 21 Juni 2025;Zoom Meeting;;
975;🚗🎨 Liburan Seru Di Hari Sabtu!;2025-06-20 16:19:54;Sabtu, 28 Juni 2025;Jogja City Mall Lt. LG | ⏰ Mulai 11.00;-7.7534032;110.3604711
976;🥹 Ga nyangka bisa ngerasain pertunjukan se-memorab;2025-06-20 12:26:08;24 & 26 Juni 2025;Taman Budaya Embung Giwangan;-7.828882;110.384232
977;🌐✨𝐒𝐌𝐀𝐍 𝟐 𝐖𝐎𝐍𝐎𝐒𝐀𝐑𝐈 𝐌𝐄𝐌𝐏𝐄𝐑𝐒𝐄𝐌𝐁𝐀𝐇𝐊𝐀𝐍✨🌐;2025-06-20 10:17:32;Tidak Diketahui;Tidak Diketahui;;
978;✨Halo Sahabat Bahasa!✨;2025-06-20 10:07:03;Pendaftaran dibuka hingga: 20 Juni 2025;Terbuka untuk pelajar/mahasiswa 17-25 tahun;;
979;[*SPINE 2025 (_Scoliosis and Back Pain Interventio;2025-06-19 19:05:37;*Sabtu, 26 Juli 2025*;Joglo GIK UGM;-7.7733154;110.3761744
980;Beads watch workshop ✨;2025-06-19 19:00:52;Tidak Diketahui;Tidak Diketahui;;
981;🌌✨ ASTROVERS IS BACK! ✨🌌;2025-06-19 17:55:05;Tanggal: 27 Juni 2025;Acara:;;
982;Hallo sobat budaya;2025-06-19 16:30:54;20 Juni 2025;Concert Hall Taman Budaya Yogyakarta;-7.800063;110.364421
983;Liburan Seru, Belajar Seru!;2025-06-19 16:00:10;Tidak Diketahui;Tidak Diketahui;;
984;[WAIT IS OVER : THE AWARDING NIGHT COMMUNICATION A;2025-06-19 09:00:25;Tidak Diketahui;Taman Budaya Embung Giwangan Yogyakarta;-7.828882;110.384232
985;🐦‍🔥[LA ESPERANZA #5 - ECHOES OF JOY, RHYTHMS OF HO;2025-06-18 18:22:13;Kamis, 3 Juli 2025;Auditorium UNY;-7.7771116;110.3882715
986;🩸 DONOR DARAH - BE A DIAMOND OF HOPE;2025-06-18 17:55:09;Sabtu, 21 Juni 2025;Ampi Theater Kampus 3 UMBY;-7.854125;110.368383
987;🩸 AYO DONOR DARAH!;2025-06-18 17:35:42;23 Juni 2025;Main Atrium;-7.753389;110.40875
988;Registrasi telah dibuka 🔊🔊🔊;2025-06-18 17:00:02;️ July 27th, 2025;SMKN 3 Yogyakarta;-7.795101;110.363941
989;🎭 Jogja, selain Malioboro, ada apa sih?;2025-06-18 16:57:40;24 & 26 Juni 2025;Taman Budaya Embung Giwangan;-7.828882;110.384232
990;KIDS COLORING COMPETITION VOL.2;2025-06-18 15:14:29;️ Minggu, 29 Juni 2025;Shinta Meeting Room;-7.7817561;110.4013092
991;🌿Cerita di Balik Deadline;2025-06-18 13:27:31;️ Tanggal: 19 JUNI 2025;Lokasi: Pusat Rehabilitasi YAKKUM;-7.6959155;110.4186047
992;𝐊𝐎𝐌𝐏𝐄𝐓𝐈𝐒𝐈 𝐂𝐀𝐑𝐍𝐈𝐕𝐀𝐋 𝐅𝐀𝐍𝐓𝐀𝐒𝐘 𝐌𝐀𝐊𝐄𝐔𝐏;2025-06-18 09:48:49;Tidak Diketahui;Tidak Diketahui;;
993;[ GLORY ESPORT TOURNAMENT #6 ];2025-06-18 09:00:02;️ • Sabtu 28 Juni 2025,;•Glory Esport Berbah;-7.7994193;110.40422
994;KELAS ONLINE BAHASA INGGRIS;2025-06-18 07:17:25;Tidak Diketahui;Online;-7.8157412;110.351417
995;Halo, semuanya!;2025-06-17 23:27:18;Tidak Diketahui;Tidak Diketahui;;
996;Pelatihan K3 Kebakaran Hadir di Yogyakarta! [Terbu;2025-06-17 17:35:07;Kamis-Jum’at, 26 - 27 Juni 2025;Zoom Meeting;;
997;KOPIkiRUN: Lari Sehat, Ngopi Nikmat! 🏃🏻‍♂️☕️;2025-06-17 16:28:27;Minggu, 13 Juli 2025;Universitas Muhammadiyah Yogyakarta;-7.8104235;110.3224659
998;ELTI siap membantu kamu dapetin sertifikat TOEFL I;2025-06-17 10:50:10;Tidak Diketahui;WhatsApp.*;;
999;Sweet17 bukan cuma selebrasi, tetapi bagian dari p;2025-06-16 19:32:14;18-28 Juni 2025;Galeri R.J. Katamsi;-7.800063;110.364421
1000;🔊 Hallo warga jogjaaa.....;2025-06-16 12:10:26;Tidak Diketahui;Tidak Diketahui;;